DY,,,,,,,,,,,,,,,,,,,,,,,,,,,,,
DY1JetsToLL_M-50_TuneCP5_13TeV-madgraphMLM-pythia8,HIG,6,#N/A,140,68.90,876.9,0.02%,877.7100173,159.506,1.5,1.1,1.7,0.7,70,99.7,4.602,70.0,140.0,4.055,70.0,45.1,6.901,,40.3,2.703,NOT NEEDED HERE,,,6
DY2JetsToLL_M-50_TuneCP5_13TeV-madgraphMLM-pythia8],HIG,6,#N/A,40,#N/A,#N/A,#N/A,#N/A,#N/A,1.8,1.2,1.9,0.6,30,28.5,#N/A,30.0,40.0,#N/A,30.0,12.9,#N/A,,11.5,#N/A,NOT NEEDED HERE,,,6
,SMP,2,#N/A,100,93.88,4.76E+03,9.84%,7.37E+03,13.562,1.0,1.0,1.0,1.0,0,71.2,0.230,0.0,100.0,0.230,0.0,32.2,0.230,,28.8,0.230,NOT NEEDED HERE,,,1
DYJetsToLL_1J_TuneCP5_13TeV-amcatnloFXFX-pythia8,SMP,2,#N/A,100,94.86,8.89E+02,27.40%,4.35E+03,22.975,1.0,1.0,1.0,1.0,0,71.2,0.389,0.0,100.0,0.389,0.0,32.2,0.389,,28.8,0.389,NOT NEEDED HERE,,,1
DYJetsToLL_0J_TuneCP5_13TeV-amcatnloFXFX-pythia8,SMP,2,#REF!,50,#REF!,3.41E+02,#REF!,#REF!,#REF!,1.0,1.0,1.0,1.0,0,35.6,#REF!,0.0,50.0,#REF!,0.0,16.1,#REF!,,14.4,#REF!,NOT NEEDED HERE,,,1
DYJetsToLL_M-50_TuneCP5_13TeV-madgraphMLM-pythia8,MUO,6,#N/A,200,100.19,5321,0.04%,5329.218377,37.529,1.0,1.7,1.0,1.0,100,142.4,1.083,0.0,200.0,0.636,0.0,64.4,0.636,,57.6,0.636,"Diboson_resonances_WZ_3lnu, TT_resonances_dilep",,,6
DYJetsToLL_M-50_TuneCP5_13TeV-amcatnloFXFX-pythia8,HIG,6,130000.00,200,194.21,6435,16.10%,13999.87952,14.286,2.0,1.2,2.1,0.5,200,142.4,0.582,200.0,200.0,0.484,200.0,64.4,0.994,,57.6,0.242,Diboson_resonances_WZ_3lnu,,,6
DYJetsToLL_Pt-50To100_TuneCP5_13TeV-amcatnloFXFX-pythia8,SMP,2,#N/A,120,120.44,3.55E+02,31.70%,2.65E+03,45.301,1.0,1.0,1.0,1.0,0,85.4,0.768,0.0,120.0,0.768,0.0,38.6,0.768,,34.6,0.768,NOT NEEDED HERE,,,1
DYJetsToLL_Pt-100To250_TuneCP5_13TeV-amcatnloFXFX-pythia8,SMP,2,#N/A,80,81.67,8.12E+01,31.68%,6.05E+02,132.162,1.0,1.0,1.0,1.0,0,56.9,2.240,0.0,80.0,2.240,0.0,25.8,2.240,,23.1,2.240,NOT NEEDED HERE,,,1
DYJetsToLL_Pt-250To400_TuneCP5_13TeV-amcatnloFXFX-pythia8,SMP,2,#N/A,20,20.20,2.99E+00,30.65%,2.00E+01,1001.471,1.0,1.0,1.0,1.0,0,14.2,16.974,0.0,20.0,16.974,0.0,6.4,16.974,,5.8,16.974,NOT NEEDED HERE,,,1
DYJetsToLL_Pt-400To650_TuneCP5_13TeV-amcatnloFXFX-pythia8,SMP,2,#N/A,2,1.86,3.88E-01,29.44%,2.30E+00,871.455,1.0,1.0,1.0,1.0,0,1.4,14.770,0.0,2.0,14.770,0.0,0.6,14.770,,0.6,14.770,NOT NEEDED HERE,,,1
DYJetsToLL_Pt-650ToInf_TuneCP5_13TeV-amcatnloFXFX-pythia8,SMP,2,#N/A,2,1.90,3.74E-02,28.34%,1.99E-01,10047.353,1.0,1.0,1.0,1.0,0,1.4,170.294,0.0,2.0,170.294,0.0,0.6,170.294,,0.6,170.294,NOT NEEDED HERE,,,1
DYJetsToLL_M-10to50_TuneCP5_13TeV-madgraphMLM-pythia8,BTV,2,#N/A,100,86.37,15810,0.03%,15830.01119,6.317,1.0,1.0,1.0,1.0,0,71.2,0.107,0.0,100.0,0.107,0.0,32.2,0.107,,28.8,0.107,TT_resonances_dilep,how about NLO sample?,,1
DYBJetsToLL_M-50_Zpt-100to200_TuneCP5_13TeV-madgraphMLM-pythia8_newgridpack,HIG,2,#N/A,20,,3.09E+00,,3.09E+00,,,,,,,,,,,,,,,,,,VHbb,,,
DYBJetsToLL_M-50_Zpt-200toInf_TuneCP5_13TeV-madgraphMLM-pythia8_newgridpack,HIG,2,#N/A,2,,0.3167,,0.3167,,,,,,,,,,,,,,,,,,VHbb,,,
DYJetsToLL_BGenFilter_Zpt-100to200_M-50_TuneCP5_13TeV-madgraphMLM-pythia8_newgridpack,HIG,2,#N/A,10,,3.414,,3.414,,,,,,,,,,,,,,,,,,VHbb,,,
DYJetsToLL_BGenFilter_Zpt-200toInf_M-50_TuneCP5_13TeV-madgraphMLM-pythia8_newgridpack,HIG,2,#N/A,2,,0.5084,,0.5084,,,,,,,,,,,,,,,,,,VHbb,,,
DYJetsToTauTau_ForcedMuEleDecay_M-50_TuneCP5_PSweights_13TeV-amcatnloFXFX-pythia8,HIG,2,#N/A,,,255.63,,255.63,,,,,,,,,,,,,,,,,,VHcc,,,
QCD,,2,#N/A,,,,,,,#DIV/0!,#DIV/0!,#DIV/0!,#DIV/0!,,,,,,,,,,,,#DIV/0!,NOT NEEDED HERE,,,
QCD_HT50to100_TuneCP5_13TeV-madgraphMLM-pythia8,JME,6,#N/A,40,38.75,#N/A,0.00%,#N/A,#N/A,2.0,1.2,2.1,0.5,40,28.5,#N/A,40.0,40.0,#N/A,40.0,12.9,#N/A,,11.5,#N/A,NOT NEEDED HERE,,,6
QCD_HT100to200_TuneCP5_13TeV-madgraphMLM-pythia8,JME,6,#N/A,82,93.97,#N/A,0.01%,#N/A,#N/A,2.0,1.2,2.1,0.5,82,58.4,#N/A,82.0,82.0,#N/A,82.0,26.4,#N/A,,23.6,#N/A,NOT NEEDED HERE,,,6
QCD_HT200to300_TuneCP5_13TeV-madgraphMLM-pythia8,JME,6,#N/A,60,54.29,#N/A,0.03%,#N/A,#N/A,2.6,0.9,1.5,0.4,58,42.7,#N/A,95.0,60.0,#N/A,58.0,19.3,#N/A,,17.3,#N/A,NOT NEEDED HERE,,,6
QCD_HT300to500_TuneCP5_13TeV-madgraphMLM-pythia8,JME,6,#N/A,60,54.66,#N/A,0.05%,#N/A,#N/A,2.0,1.2,2.0,0.5,57,42.7,#N/A,57.0,60.0,#N/A,57.0,19.3,#N/A,,17.3,#N/A,NOT NEEDED HERE,,,6
QCD_HT500to700_TuneCP5_13TeV-madgraphMLM-pythia8,JME,6,#N/A,60,55.15,#N/A,0.09%,#N/A,#N/A,2.0,1.9,2.0,0.5,118,42.7,#N/A,59.0,60.0,#N/A,59.0,19.3,#N/A,,17.3,#N/A,NOT NEEDED HERE,,,6
QCD_HT700to1000_TuneCP5_13TeV-madgraphMLM-pythia8,JME,6,#N/A,50,48.16,#N/A,0.13%,#N/A,#N/A,1.9,1.2,2.0,0.5,46,35.6,#N/A,46.0,50.0,#N/A,46.0,16.1,#N/A,,14.4,#N/A,NOT NEEDED HERE,,,6
QCD_HT1000to1500_TuneCP5_13TeV-madgraphMLM-pythia8,JME,6,#N/A,15,15.47,#N/A,0.19%,#N/A,#N/A,2.0,1.2,2.1,0.5,15,10.7,#N/A,15.0,15.0,#N/A,15.0,4.8,#N/A,,4.3,#N/A,NOT NEEDED HERE,,,6
QCD_HT1500to2000_TuneCP5_13TeV-madgraphMLM-pythia8,JME,6,#N/A,12,10.96,#N/A,0.30%,#N/A,#N/A,2.0,1.2,2.1,0.5,12,8.5,#N/A,12.0,12.0,#N/A,12.0,3.9,#N/A,,3.5,#N/A,NOT NEEDED HERE,,,6
QCD_HT2000toInf_TuneCP5_13TeV-madgraphMLM-pythia8,JME,6,#N/A,6,5.48,#N/A,0.52%,#N/A,#N/A,2.0,1.2,2.1,0.5,6,4.3,#N/A,6.0,6.0,#N/A,6.0,1.9,#N/A,,1.7,#N/A,NOT NEEDED HERE,,,6
QCD_bEnriched_HT100to200_TuneCP5_13TeV-madgraph-pythia8,HIG,https://docs.google.com/spreadsheets/d/1ABl2p2uwr2EfEbolBEVNcKb_fIXigYY9sqCRT8XIi1Q/edit#gid=1318927481,85000.00,40,38.50,1117000,0.01%,1117417.084,0.036,1.0,1.0,1.0,1.0,0,28.5,0.001,0.0,40.0,0.001,0.0,12.9,0.001,,11.5,0.001,NOT NEEDED HERE,Clemens Lange (please contact by email): What about the QCD_BGenFilter samples in addition to the QCD_bEnriched ones to cover the full phase space? => added in Prio1,,1
QCD_bEnriched_HT200to300_TuneCP5_13TeV-madgraph-pythia8,HIG,2,85000.00,20,19.41,80430,0.03%,80523.53393,0.248,1.0,1.0,1.0,1.0,0,14.2,0.004,0.0,20.0,0.004,0.0,6.4,0.004,,5.8,0.004,NOT NEEDED HERE,,,1
QCD_bEnriched_HT300to500_TuneCP5_13TeV-madgraph-pythia8,HIG,2,85000.00,12,12.04,16620,0.04%,16648.65319,0.721,1.0,1.0,1.0,1.0,0,8.5,0.012,0.0,12.0,0.012,0.0,3.9,0.012,,3.5,0.012,NOT NEEDED HERE,,,1
QCD_bEnriched_HT500to700_TuneCP5_13TeV-madgraph-pythia8,HIG,2,85000.00,10,10.38,1487,0.07%,1491.135631,6.706,1.0,1.0,1.0,1.0,0,7.1,0.114,0.0,10.0,0.114,0.0,3.2,0.114,,2.9,0.114,NOT NEEDED HERE,,,1
QCD_bEnriched_HT700to1000_TuneCP5_13TeV-madgraph-pythia8,HIG,2,85000.00,2,2.03,296.5,0.11%,297.8163237,6.716,1.0,1.0,1.0,1.0,0,1.4,0.114,0.0,2.0,0.114,0.0,0.6,0.114,,0.6,0.114,NOT NEEDED HERE,,,1
QCD_bEnriched_HT1000to1500_TuneCP5_13TeV-madgraph-pythia8,HIG,2,85000.00,0.5,0.47,46.61,0.18%,46.94436227,10.651,1.0,1.0,1.0,1.0,0,0.4,0.181,0.0,0.5,0.181,0.0,0.2,0.181,,0.1,0.181,NOT NEEDED HERE,,,1
QCD_bEnriched_HT1500to2000_TuneCP5_13TeV-madgraph-pythia8,HIG,2,85000.00,0.4,0.41,3.72,0.30%,3.765333079,106.232,1.0,1.0,1.0,1.0,0,0.3,1.801,0.0,0.4,1.801,0.0,0.1,1.801,,0.1,1.801,NOT NEEDED HERE,,,1
QCD_bEnriched_HT2000toInf_TuneCP5_13TeV-madgraph-pythia8,HIG,2,85000.00,0.4,0.40,0.6462,0.56%,0.660897646,605.237,1.0,1.0,1.0,1.0,0,0.3,10.258,0.0,0.4,10.258,0.0,0.1,10.258,,0.1,10.258,NOT NEEDED HERE,,,1
QCD_Pt-15to20_MuEnrichedPt5_TuneCP5_13TeV_pythia8,BTV,6,#N/A,4.7,3.69,2799000,0.00%,2799000,0.002,2.0,5.3,2.1,0.5,32,3.3,0.000,4.7,4.7,0.000,4.7,1.5,0.000,,1.4,0.000,NOT NEEDED HERE,[BTV] Checking statistics needed with calibration team and MC contacts,,6
QCD_Pt-20to30_MuEnrichedPt5_TuneCP5_13TeV_pythia8,BTV,6,#N/A,32,30.61,2526000,0.00%,2526000,0.013,2.0,1.2,2.1,0.5,32,22.8,0.001,32.0,32.0,0.000,32.0,10.3,0.001,,9.2,0.000,NOT NEEDED HERE,,,6
QCD_Pt-30to50_MuEnrichedPt5_TuneCP5_13TeV_pythia8,BTV,6,#N/A,30,29.88,1362000,0.00%,1362000,0.022,2.0,1.2,2.1,0.5,30,21.4,0.001,30.0,30.0,0.001,30.0,9.7,0.002,,8.6,0.000,NOT NEEDED HERE,,,6
QCD_Pt-50to80_MuEnrichedPt5_TuneCP5_13TeV_pythia8,BTV,6,#N/A,20.5,20.27,376600,0.00%,376600,0.054,2.0,1.2,2.1,0.5,20.5,14.6,0.002,20.5,20.5,0.002,20.5,6.6,0.004,,5.9,0.001,NOT NEEDED HERE,,,6
QCD_Pt-80to120_MuEnrichedPt5_TuneCP5_13TeV_pythia8,BTV,6,#N/A,24,25.65,88930,0.00%,88930,0.270,1.8,0.6,2.0,0.5,0.6,17.1,0.005,20.0,24.0,0.008,20.0,7.7,0.016,,6.9,0.005,NOT NEEDED HERE,,,6
QCD_Pt-120to170_MuEnrichedPt5_TuneCP5_13TeV_pythia8,BTV,6,#N/A,20,21.32,21230,0.00%,21230,0.942,2.2,0.5,2.1,0.5,0.6,14.2,0.017,24.0,20.0,0.035,24.0,6.4,0.075,,5.8,0.016,NOT NEEDED HERE,,,6
QCD_Pt-170to300_MuEnrichedPt5_TuneCP5_13TeV_pythia8,BTV,6,#N/A,38,35.98,7055,0.00%,7055,5.386,2.0,1.2,2.1,0.5,38,27.1,0.220,38.0,38.0,0.183,38.0,12.2,0.375,,10.9,0.091,NOT NEEDED HERE,,,6
QCD_Pt-300to470_MuEnrichedPt5_TuneCP5_13TeV_pythia8,BTV,6,#N/A,30,29.30,#N/A,0.00%,#N/A,#N/A,2.7,0.4,2.3,0.4,0.5,21.4,#N/A,50.0,30.0,#N/A,50.0,9.7,#N/A,,8.6,#N/A,NOT NEEDED HERE,,,6
QCD_Pt-470to600_MuEnrichedPt5_TuneCP5_13TeV_pythia8,BTV,6,#N/A,20,20.50,59.24,0.00%,59.24,337.610,2.0,0.5,2.1,0.5,0.5,14.2,5.923,20.0,20.0,11.444,20.0,6.4,23.491,,5.8,5.722,NOT NEEDED HERE,,,6
QCD_Pt-600to800_MuEnrichedPt5_TuneCP5_13TeV_pythia8,BTV,6,#N/A,20,16.52,#N/A,0.00%,#N/A,#N/A,2.0,1.2,2.1,0.5,20,14.2,#N/A,20.0,20.0,#N/A,20.0,6.4,#N/A,,5.8,#N/A,NOT NEEDED HERE,,,6
QCD_Pt-800to1000_MuEnrichedPt5_TuneCP5_13TeV_pythia8,BTV,6,#N/A,40,16.75,#N/A,0.00%,#N/A,#N/A,1.5,1.1,1.7,0.7,20,28.5,#N/A,20.0,40.0,#N/A,20.0,12.9,#N/A,,11.5,#N/A,NOT NEEDED HERE,,,6
QCD_Pt-1000toInf_MuEnrichedPt5_TuneCP5_13TeV_pythia8,BTV,6,#N/A,14,10.63,#N/A,0.00%,#N/A,#N/A,2.0,1.2,2.1,0.5,14,10.0,#N/A,14.0,14.0,#N/A,14.0,4.5,#N/A,,4.0,#N/A,NOT NEEDED HERE,,,6
QCD_Pt_15to30_TuneCP5_13TeV_pythia8,BTV,2,#N/A,20,19.45,1248000000,0.00%,1248000000,0.000,1.0,2.4,1.0,1.0,20,14.2,0.000,0.0,20.0,0.000,0.0,6.4,0.000,,5.8,0.000,NOT NEEDED HERE,,,1
QCD_Pt_30to50_TuneCP5_13TeV_pythia8,BTV,6,#N/A,20,18.87,106600000,0.00%,106600000,0.000,2.0,1.2,2.1,0.5,20,14.2,0.000,20.0,20.0,0.000,20.0,6.4,0.000,,5.8,0.000,NOT NEEDED HERE,,,6
QCD_Pt_50to80_TuneCP5_13TeV_pythia8,BTV,6,#N/A,34,25.58,15680000,0.00%,15680000,0.002,1.6,1.1,1.8,0.6,20,24.2,0.000,20.0,34.0,0.000,20.0,10.9,0.000,,9.8,0.000,NOT NEEDED HERE,,,6
QCD_Pt_80to120_TuneCP5_13TeV_pythia8,BTV,6,#N/A,30,29.54,7499,0.00%,7499,4.001,2.0,1.2,2.1,0.5,30,21.4,0.163,30.0,30.0,0.136,30.0,9.7,0.278,,8.6,0.068,NOT NEEDED HERE,,,6
QCD_Pt_120to170_TuneCP5_13TeV_pythia8,BTV,6,#N/A,30,25.26,406800,0.00%,406800,0.074,2.0,1.2,2.1,0.5,30,21.4,0.003,30.0,30.0,0.002,30.0,9.7,0.005,,8.6,0.001,NOT NEEDED HERE,,,6
QCD_Pt_170to300_TuneCP5_13TeV_pythia8,BTV,6,#N/A,30,29.71,103300,0.00%,103300,0.290,1.0,2.4,4.1,1.0,30,21.4,0.012,0.0,30.0,0.005,30.0,9.7,0.020,,8.6,0.005,NOT NEEDED HERE,,,6
QCD_Pt_300to470_TuneCP5_13TeV_pythia8,BTV,6,#N/A,58,41.74,6826,0.00%,6826,8.497,2.0,1.2,2.1,0.5,58,41.3,0.346,58.0,58.0,0.288,58.0,18.7,0.591,,16.7,0.144,NOT NEEDED HERE,,,6
QCD_Pt_470to600_TuneCP5_13TeV_pythia8,BTV,6,#N/A,53,42.46,552.6,0.00%,552.6,95.910,1.5,1.1,1.7,0.7,28,37.7,2.832,28.0,53.0,2.484,28.0,17.1,4.292,,15.3,1.626,NOT NEEDED HERE,,,6
QCD_Pt_600to800_TuneCP5_13TeV_pythia8,BTV,6,#N/A,68,64.06,156.6,0.00%,156.6,434.227,2.0,1.2,2.1,0.5,68,48.4,17.699,68.0,68.0,14.720,68.0,21.9,30.214,,19.6,7.360,NOT NEEDED HERE,,,6
QCD_Pt_800to1000_TuneCP5_13TeV_pythia8,BTV,6,#N/A,38,37.60,26.32,0.00%,26.32,1443.769,2.1,1.2,2.1,0.5,40,27.1,60.655,40.0,38.0,50.229,40.0,12.2,104.458,,10.9,24.471,NOT NEEDED HERE,,,6
QCD_Pt_1000to1400_TuneCP5_13TeV_pythia8,BTV,6,#N/A,20,18.49,7.5,0.00%,7.5,2666.667,2.0,1.2,2.1,0.5,20,14.2,108.690,20.0,20.0,90.395,20.0,6.4,185.549,,5.8,45.198,NOT NEEDED HERE,,,6
QCD_Pt_1400to1800_TuneCP5_13TeV_pythia8,BTV,6,#N/A,11,6.93,0.6479,0.00%,0.6479,16977.929,1.5,1.1,1.7,0.6,6,7.8,508.254,6.0,11.0,444.722,6.0,3.5,775.166,,3.2,287.762,NOT NEEDED HERE,,,6
QCD_Pt_1800to2400_TuneCP5_13TeV_pythia8,BTV,6,#N/A,5.5,4.02,0.08715,0.00%,0.08715,63109.581,1.5,1.1,1.7,0.6,3,3.9,1889.259,3.0,5.5,1653.102,3.0,1.8,2881.412,,1.6,1069.654,NOT NEEDED HERE,,,6
QCD_Pt_2400to3200_TuneCP5_13TeV_pythia8,BTV,6,#N/A,3,2.39,0.005242,0.00%,0.005242,572300.649,1.7,1.2,1.8,0.6,2,2.1,18784.148,2.0,3.0,16166.685,2.0,1.0,29780.736,,0.9,9700.011,NOT NEEDED HERE,,,6
QCD_Pt_3200toInf_TuneCP5_13TeV_pythia8,BTV,6,440000.00,1,0.93,0.0001349,0.00%,0.0001349,7412898.443,1.8,1.2,0.6,0.6,0.8,0.7,266840.412,0.8,1.0,226156.224,0.0,0.3,125642.346,,0.3,125642.346,NOT NEEDED HERE,,,6
TOP,,2,#N/A,,,,,,,,,,,,,#DIV/0!,,,#DIV/0!,,,#DIV/0!,,,#DIV/0!,NOT NEEDED HERE,,,
ST_s-channel_4f_leptonDecays_TuneCP5_13TeV-amcatnlo-pythia8,TOP,2,85001.00,20,19.75,3.74,18.81%,9.613759179,2080.352,2.0,1.2,2.1,0.5,20,14.2,84.792,20.0,20.0,70.520,20.0,6.4,144.752,,5.8,35.260,TT_resonances_dilep,,,1
ST_s-channel_4f_leptonDecays_TuneCP5_13TeV-madgraph-pythia8,TOP,2,#N/A,40,39.92,3.74,18.81%,9.612002113,4161.464,1.0,1.0,1.0,1.0,0,28.5,70.533,0.0,40.0,70.533,0.0,12.9,70.533,,11.5,70.533,NOT NEEDED HERE,Not submitted by TOP. Probably obsolete as the mc@nlo request is in place.,,
ST_s-channel_antitop_leptonDecays_13TeV-PSweights_powheg-pythia,TOP,2,#N/A,100,#N/A,81,#N/A,#N/A,#N/A,1.0,1.4,1.0,1.0,25,71.2,#N/A,0.0,100.0,#N/A,0.0,32.2,#N/A,,28.8,#N/A,TT_resonances_dilep,,,1
ST_t-channel_top_4f_InclusiveDecays_TuneCP5_13TeV-powheg-madspin-pythia8,TOP,2,#N/A,200,154.31,136,3.32%,156.0539891,1281.608,1.0,1.4,1.0,1.0,50,142.4,29.351,0.0,200.0,21.722,0.0,64.4,21.722,,57.6,21.722,TT_resonances_dilep,,,1
TTJets_TuneCP5_13TeV-amcatnloFXFX-pythia8,TOP,2,85002.00,350,304.63,722.8,31.08%,5049.907245,69.308,1.4,1.1,1.6,0.7,150,249.2,1.882,150.0,350.0,1.678,150.0,112.7,2.738,,100.8,1.175,NOT NEEDED HERE,Stats partially exists in SummerUL19,,2
TTTo2L2Nu_TuneCP5_13TeV-powheg-pythia8,TOP,2,85002.00,150,64.12,85.65,0.41%,87.0776732,1722.600,1.5,1.1,1.7,0.7,70,106.8,48.337,70.0,150.0,42.822,70.0,48.3,71.506,,43.2,29.197,"Diboson_resonances_WZ_3lnu, TT_resonances_dilep",Stats partially exists in SummerUL19,,2
TTToHadronic_TuneCP5_13TeV-powheg-pythia8,TOP,2,85002.00,350,330.55,366,0.39%,371.8223843,941.310,1.4,1.1,1.6,0.7,135,249.2,24.599,135.0,350.0,22.108,135.0,112.7,35.064,,100.8,15.954,TT_resonances_dilep,Stats partially exists in SummerUL19,,2
TTToSemiLeptonic_TuneCP5_13TeV-powheg-pythia8,TOP,2,85002.00,500,301.19,356,0.41%,361.8997781,1381.598,1.2,1.1,1.4,0.8,115,355.9,30.983,115.0,500.0,28.803,115.0,161.0,40.142,,144.1,23.417,TT_resonances_dilep,Stats partially exists in SummerUL19,,2
WJets,,,#N/A,,,,,,,#DIV/0!,#DIV/0!,#DIV/0!,#DIV/0!,,,#DIV/0!,,,#DIV/0!,,,#DIV/0!,,,#DIV/0!,NOT NEEDED HERE,,,1
WJetsToLNu_TuneCP5_13TeV-madgraphMLM-pythia8,HIG,2,#N/A,80,70.45,52850,0.04%,52940.37067,1.511,1.0,2.4,1.0,1.0,80,56.9,0.062,0.0,80.0,0.026,0.0,25.8,0.026,,23.1,0.026,NOT NEEDED HERE,,,1
W1JetsToLNu_TuneCP5_13TeV-madgraphMLM-pythia8,HIG,6,#N/A,50,51.08,8104,0.02%,8111.195484,6.164,2.0,1.2,2.1,0.5,50,35.6,0.251,50.0,50.0,0.209,50.0,16.1,0.429,,14.4,0.104,NOT NEEDED HERE,,,6
W2JetsToLNu_TuneCP5_13TeV-madgraphMLM-pythia8,HIG,6,#N/A,30,23.29,2793,0.03%,2796.798211,10.727,2.0,1.2,2.1,0.5,30,21.4,0.437,30.0,30.0,0.364,30.0,9.7,0.746,,8.6,0.182,NOT NEEDED HERE,,,6
W3JetsToLNu_TuneCP5_13TeV-madgraphMLM-pythia8,HIG,6,#N/A,20,14.51,992.5,0.05%,994.5287891,20.110,2.0,1.2,2.1,0.5,20,14.2,0.820,20.0,20.0,0.682,20.0,6.4,1.399,,5.8,0.341,NOT NEEDED HERE,,,6
W4JetsToLNu_TuneCP5_13TeV-madgraphMLM-pythia8,HIG,6,#N/A,10,10.08,544.3,0.09%,546.363536,18.303,2.0,1.2,2.1,0.5,10,7.1,0.746,10.0,10.0,0.620,10.0,3.2,1.274,,2.9,0.310,NOT NEEDED HERE,,,6
WJetsToLNu_HT-70To100_TuneCP5_13TeV-madgraphMLM-pythia8,SUS,2,#N/A,70,28.08,1292,0.04%,1293.987269,54.259,1.0,1.4,1.0,1.0,20,50.0,1.288,0.0,70.2,0.920,0.0,22.6,0.920,,20.2,0.920,NOT NEEDED HERE,"For WJets samples with HT<400 GeV, if possible, can we increase the number of events by a factor of 2.5, compared to what was produced in earlier campaigns (Summer16, Fall17, Autumn18)? ",,1
WJetsToLNu_HT-100To200_TuneCP5_13TeV-madgraphMLM-pythia8,SUS,2,#N/A,71,28.37,1395,0.06%,1398.092756,50.731,1.0,1.6,1.0,1.0,30,50.5,1.371,0.0,70.9,0.860,0.0,22.8,0.860,,20.4,0.860,NOT NEEDED HERE,,,1
WJetsToLNu_HT-200To400_TuneCP5_13TeV-madgraphMLM-pythia8,SUS,2,#N/A,64,25.47,407.9,0.10%,409.51091,155.484,1.0,1.4,1.0,1.0,20,45.3,3.798,0.0,63.7,2.635,0.0,20.5,2.635,,18.3,2.635,NOT NEEDED HERE,,,1
WJetsToLNu_HT-400To600_TuneCP5_13TeV-madgraphMLM-pythia8,SUS,2,#N/A,8,5.93,57.48,0.12%,57.74901679,138.530,1.0,2.4,1.0,1.0,8,5.7,5.646,0.0,8.0,2.348,0.0,2.6,2.348,,2.3,2.348,NOT NEEDED HERE,,,1
WJetsToLNu_HT-600To800_TuneCP5_13TeV-madgraphMLM-pythia8,SUS,2,#N/A,8,19.77,12.87,0.19%,12.96596042,617.000,1.0,2.4,1.0,1.0,8,5.7,25.148,0.0,8.0,10.458,0.0,2.6,10.458,,2.3,10.458,NOT NEEDED HERE,,,1
WJetsToLNu_HT-800To1200_TuneCP5_13TeV-madgraphMLM-pythia8,SUS,2,#N/A,8,8.40,5366,0.26%,5422.708016,1.475,1.0,2.4,1.0,1.0,8,5.7,0.060,0.0,8.0,0.025,0.0,2.6,0.025,,2.3,0.025,NOT NEEDED HERE,,,1
WJetsToLNu_HT-1200To2500_TuneCP5_13TeV-madgraphMLM-pythia8,SUS,2,#N/A,7.5,7.63,1074,0.41%,1091.834241,6.869,1.0,2.4,1.0,1.0,7.5,5.3,0.280,0.0,7.5,0.116,0.0,2.4,0.116,,2.2,0.116,NOT NEEDED HERE,,,1
WJetsToLNu_HT-2500ToInf_TuneCP5_13TeV-madgraphMLM-pythia8,SUS,2,#N/A,2.5,3.27,0.008001,1.25%,0.008417412948,297003.369,1.0,2.4,1.0,1.0,2.5,1.8,12105.464,0.0,2.5,5033.955,0.0,0.8,5033.955,,0.7,5033.955,NOT NEEDED HERE,,,1
WJetsToLNu_Pt-50To100_TuneCP5_13TeV-amcatnloFXFX-pythia8,SMP,2,#N/A,20,19.67,#N/A,31.57%,#N/A,#N/A,1.0,1.0,1.0,1.0,0,14.2,#N/A,0.0,20.0,#N/A,0.0,6.4,#N/A,,5.8,#N/A,NOT NEEDED HERE,,,1
WJetsToLNu_Pt-100To250_TuneCP5_13TeV-amcatnloFXFX-pythia8,HIG,2,#N/A,500,510.27,#N/A,31.47%,#N/A,#N/A,1.0,1.0,1.0,1.0,0,355.9,#N/A,0.0,500.0,#N/A,0.0,161.0,#N/A,,144.1,#N/A,NOT NEEDED HERE,,,1
WJetsToLNu_Pt-250To400_TuneCP5_13TeV-amcatnloFXFX-pythia8,HIG,2,#N/A,110,108.74,#N/A,30.23%,#N/A,#N/A,1.0,1.0,1.0,1.0,0,78.3,#N/A,0.0,110.0,#N/A,0.0,35.4,#N/A,,31.7,#N/A,NOT NEEDED HERE,,,1
WJetsToLNu_Pt-400To600_TuneCP5_13TeV-amcatnloFXFX-pythia8,HIG,2,#N/A,12,1.97,#N/A,29.14%,#N/A,#N/A,1.0,1.0,1.0,1.0,0,8.5,#N/A,0.0,12.0,#N/A,0.0,3.9,#N/A,,3.5,#N/A,NOT NEEDED HERE,,,1
WJetsToLNu_Pt-600ToInf_TuneCP5_13TeV-amcatnloFXFX-pythia8,HIG,2,#N/A,4,3.90,#N/A,29.01%,#N/A,#N/A,1.0,1.0,1.0,1.0,0,2.8,#N/A,0.0,4.0,#N/A,0.0,1.3,#N/A,,1.2,#N/A,NOT NEEDED HERE,,,1
WJetsToLNu_0J_TuneCP5_13TeV-amcatnloFXFX-pythia8,SMP,2,#N/A,200,192.29,50100,9.95%,78105.20447,2.561,1.0,1.0,1.0,1.0,0,142.4,0.043,0.0,200.0,0.043,0.0,64.4,0.043,,57.6,0.043,NOT NEEDED HERE,,,1
WJetsToLNu_1J_TuneCP5_13TeV-amcatnloFXFX-pythia8,SMP,2,#N/A,200,171.67,8426,26.87%,39383.79833,5.078,1.0,1.0,1.0,1.0,0,142.4,0.086,0.0,200.0,0.086,0.0,64.4,0.086,,57.6,0.086,NOT NEEDED HERE,,,1
WJetsToLNu_2J_TuneCP5_13TeV-amcatnloFXFX-pythia8,SMP,2,#N/A,100,98.36,3172,34.74%,34034.81544,2.938,1.0,1.0,1.0,1.0,0,71.2,0.050,0.0,100.0,0.050,0.0,32.2,0.050,,28.8,0.050,NOT NEEDED HERE,,,1
WBJetsToLNu_Wpt-100to200_TuneCP5_13TeV-madgraphMLM-pythia8_newgridpack,HIG,2,#N/A,8,,5.97E+00,,5.97E+00,,,,,,,,,,,,,,,,,,VHbb,,,
WBJetsToLNu_Wpt-200toInf_TuneCP5_13TeV-madgraphMLM-pythia8_newgridpack,HIG,2,#N/A,2,,8.74E-01,,8.74E-01,,,,,,,,,,,,,,,,,,VHbb,,,
WJetsToLNu_BGenFilter_Wpt-100to200_TuneCP5_13TeV-madgraphMLM-pythia8_newgridpack,HIG,2,#N/A,30,,2.69E+01,,2.69E+01,,,,,,,,,,,,,,,,,,VHbb,,,
WJetsToLNu_BGenFilter_Wpt-200toInf_TuneCP5_13TeV-madgraphMLM-pythia8_newgridpack,HIG,2,#N/A,5,,3.79E+00,,3.79E+00,,,,,,,,,,,,,,,,,,VHbb,,,
ZJets,,2,#N/A,,,,,,,#DIV/0!,#DIV/0!,#DIV/0!,#DIV/0!,,,#DIV/0!,,,#DIV/0!,,,#DIV/0!,,,#DIV/0!,NOT NEEDED HERE,,,1
ZJetsToNuNu_HT-100To200_13TeV-madgraph,SUS,2,#N/A,25,23.70,302.8,0.05%,303.4205599,82.394,1.0,1.0,1.0,1.0,0,17.8,1.397,0.0,25.0,1.397,0.0,8.1,1.397,,7.2,1.397,NOT NEEDED HERE,"For ZJets samples with HT<400 GeV, if possible, can we increase the number of events by a factor of 2.5, compared to what was produced in earlier campaigns (Summer16, Fall17, Autumn18)? ",,1
ZJetsToNuNu_HT-200To400_13TeV-madgraph,SUS,2,#N/A,25,23.28,92.59,0.09%,92.92040388,269.047,1.0,1.0,1.0,1.0,0,17.8,4.560,0.0,25.0,4.560,0.0,8.1,4.560,,7.2,4.560,NOT NEEDED HERE,,,1
ZBJetsToNuNu_Zpt-100to200_TuneCP5_13TeV-madgraphMLM-pythia8_newgridpack,HIG,2,#N/A,70,,5.93,,5.93,,,,,,,,,,,,,,,,,,VHbb,,,
ZBJetsToNuNu_Zpt-200toInf_TuneCP5_13TeV-madgraphMLM-pythia8_newgridpack,HIG,2,#N/A,8,,0.6075,,0.6075,,,,,,,,,,,,,,,,,,VHbb,,,
ZJetsToNuNu_BGenFilter_Zpt-100to200_TuneCP5_13TeV-madgraphMLM-pythia8_newgridpack,HIG,2,#N/A,5,,2.162,,2.162,,,,,,,,,,,,,,,,,,VHbb,,,
ZJetsToNuNu_BGenFilter_Zpt-200toInf_TuneCP5_13TeV-madgraphMLM-pythia8_newgridpack,HIG,2,#N/A,1,,0.3151,,0.3151,,,,,,,,,,,,,,,,,,VHbb,,,
DiBoson,,2,#N/A,,,,,,,#DIV/0!,#DIV/0!,#DIV/0!,#DIV/0!,,,#DIV/0!,,,#DIV/0!,,,#DIV/0!,,,#DIV/0!,NOT NEEDED HERE,,,1
WW_TuneCP5_13TeV-pythia8,BTV,2,#N/A,16,7.85,75.8,0.00%,75.8,211.082,1.0,1.0,1.0,1.0,0,11.4,3.578,0.0,16.0,3.578,0.0,5.2,3.578,,4.6,3.578,TT_resonances_dilep,,,1
WZ_TuneCP5_13TeV-pythia8,BTV,2,#N/A,8,3.89,27.6,0.00%,27.6,289.855,1.0,1.0,1.0,1.0,0,5.7,4.913,0.0,8.0,4.913,0.0,2.6,4.913,,2.3,4.913,TT_resonances_dilep,,,1
ZZTo2L2Nu_TuneCP5_13TeV_powheg_pythia8,HIG,2,#N/A,59,56.43,0.33,0.07%,0.3309178285,178291.996,1.0,1.0,1.0,1.0,0,42.0,3021.898,0.0,59.0,3021.898,0.0,19.0,3021.898,,17.0,3021.898,Diboson_resonances_WZ_3lnu,,,1
ZZTo4L_TuneCP5_13TeV-amcatnloFXFX-pythia8,SMP,2,#N/A,27,26.37,0.16,14.87%,0.3241626806,83291.513,1.0,1.0,1.0,1.0,0,19.2,1411.721,0.0,27.0,1411.721,0.0,8.7,1411.721,,7.8,1411.721,Diboson_resonances_WZ_3lnu,,,1
ZZTo4L_TuneCP5_13TeV_powheg_pythia8,HIG,2,#N/A,107,105.30,0.16,0.51%,0.1633002446,655234.781,1.0,1.0,1.0,1.0,0,76.2,11105.674,0.0,107.0,11105.674,0.0,34.5,11105.674,,30.8,11105.674,Diboson_resonances_WZ_3lnu,,,1
WWJJToLNuLNu_EWK_noTop_13TeV-madgraph-pythia8,HIG,2,#N/A,,#N/A,0.08875,,,,,,,,,,,,,,,,,,,,HWW,,,
WWJJToLNuLNu_QCD_noTop_13TeV-madgraph-pythia8,HIG,2,#N/A,,#N/A,2.16,,,,,,,,,,,,,,,,,,,,HWW,,,
More TOP,,2,#N/A,,,,,,,#DIV/0!,#DIV/0!,#DIV/0!,#DIV/0!,,,#DIV/0!,,,#DIV/0!,,,#DIV/0!,,,#DIV/0!,NOT NEEDED HERE,,,1
ST_tW_top_5f_NoFullyHadronicDecays_TuneCP5_13TeV-powheg-pythia8,TOP,6,85001.00,10,#N/A,34.91,0.24%,35.24971833,283.690,2.0,1.2,2.1,2.2,10,7.1,11.563,10.0,10.0,9.617,10.0,3.2,19.739,10.0,2.9,21.496,TT_resonances_dilep,,,6
ST_tW_antitop_5f_NoFullyHadronicDecays_TuneCP5_13TeV-powheg-pythia8,TOP,6,85001.00,10,6.91,34.97,0.23%,35.2896002,283.370,2.0,1.2,2.1,2.2,10,7.1,11.550,10.0,10.0,9.606,10.0,3.2,19.717,10.0,2.9,21.472,TT_resonances_dilep,,,6
tZq_ll_4f_ckm_NLO_TuneCP5_13TeV-amcatnlo-pythia8,TOP,6,85001.00,14,0.00,#N/A,#N/A,#N/A,#N/A,2.0,1.2,2.1,0.5,14,10.0,#N/A,14.0,14.0,#N/A,14.0,4.5,#N/A,,4.0,#N/A,NOT NEEDED HERE,,,6
"Additional PAG main samples, please add below",,2,#N/A,,,,,,,#DIV/0!,#DIV/0!,#DIV/0!,#DIV/0!,,,,,,,,,,,,,,,,
Backgrounds for B2G,,2,#N/A,,,,,,,#DIV/0!,#DIV/0!,#DIV/0!,#DIV/0!,,,,,,,,,,,,,,,,
DYJetsToLL_M-50_HT-70to100_TuneCP5_13TeV-madgraphMLM-pythia8,B2G,3,#N/A,20,#N/A,#N/A,#N/A,#N/A,#N/A,1.0,1.0,1.0,1.0,,14.2,#N/A,,20.0,#N/A,,6.4,#N/A,,5.8,#N/A,"TT_resonances_dilep, TT_resonances_1lep, Diboson_resonances_WZ_3lnu","important are in particular high HT bins, could therefore drop the first 2 or even 3 samples",,3
DYJetsToLL_M-50_HT-100to200_TuneCP5_13TeV-madgraphMLM-pythia8,B2G,3,#N/A,30,#N/A,#N/A,#N/A,#N/A,#N/A,1.0,1.0,1.0,1.0,,21.4,#N/A,,30.0,#N/A,,9.7,#N/A,,8.6,#N/A,"TT_resonances_dilep, TT_resonances_1lep, Diboson_resonances_WZ_3lnu","For DY samples with HT<400 GeV, if possible, can we increase the number of events by a factor of 2.5, compared to what was produced in earlier campaigns (Summer16, Fall17, Autumn18)? ",,3
DYJetsToLL_M-50_HT-200to400_TuneCP5_13TeV-madgraphMLM-pythia8,B2G,3,#N/A,20,#N/A,#N/A,#N/A,#N/A,#N/A,1.0,1.0,1.0,1.0,,14.2,#N/A,,20.0,#N/A,,6.4,#N/A,,5.8,#N/A,"TT_resonances_dilep, TT_resonances_1lep, Diboson_resonances_WZ_3lnu",,,3
DYJetsToLL_M-50_HT-400to600_TuneCP5_13TeV-madgraphMLM-pythia8,B2G,3,#N/A,8,#N/A,#N/A,#N/A,#N/A,#N/A,1.0,1.0,1.0,1.0,,5.7,#N/A,,8.0,#N/A,,2.6,#N/A,,2.3,#N/A,"TT_resonances_dilep, TT_resonances_1lep, Diboson_resonances_WZ_3lnu",,,3
DYJetsToLL_M-50_HT-600to800_TuneCP5_13TeV-madgraphMLM-pythia8,B2G,3,#N/A,8,#N/A,#N/A,#N/A,#N/A,#N/A,1.0,1.0,1.0,1.0,,5.7,#N/A,,8.0,#N/A,,2.6,#N/A,,2.3,#N/A,"TT_resonances_dilep, TT_resonances_1lep, Diboson_resonances_WZ_3lnu",,,3
DYJetsToLL_M-50_HT-800to1200_TuneCP5_13TeV-madgraphMLM-pythia8,B2G,3,#N/A,8,#N/A,#N/A,#N/A,#N/A,#N/A,1.0,1.0,1.0,1.0,,5.7,#N/A,,8.0,#N/A,,2.6,#N/A,,2.3,#N/A,"TT_resonances_dilep, TT_resonances_1lep, Diboson_resonances_WZ_3lnu",,,3
DYJetsToLL_M-50_HT-1200to2500_TuneCP5_13TeV-madgraphMLM-pythia8,B2G,3,#N/A,7.5,#N/A,#N/A,#N/A,#N/A,#N/A,1.0,1.0,1.0,1.0,,5.3,#N/A,,7.5,#N/A,,2.4,#N/A,,2.2,#N/A,"TT_resonances_dilep, TT_resonances_1lep, Diboson_resonances_WZ_3lnu",,,3
DYJetsToLL_M-50_HT-2500toInf_TuneCP5_13TeV-madgraphMLM-pythia8,B2G,3,#N/A,2.5,#N/A,#N/A,#N/A,#N/A,#N/A,1.0,1.0,1.0,1.0,,1.8,#N/A,,2.5,#N/A,,0.8,#N/A,,0.7,#N/A,"TT_resonances_dilep, TT_resonances_1lep, Diboson_resonances_WZ_3lnu",,,3
QCD_HT100to200_BGenFilter_TuneCP5_13TeV-madgraph-pythia8,HIG,2,#N/A,,,#N/A,,,,1.0,1.0,1.0,1.0,,40.0,,,40.0,,,,,,,,,,,
QCD_HT200to300_BGenFilter_TuneCP5_13TeV-madgraph-pythia8,HIG,2,#N/A,18.74,18.74,#N/A,0.03%,#N/A,#N/A,1.0,1.0,1.0,1.0,,13.3,#N/A,,18.7,#N/A,,6.0,#N/A,,5.4,#N/A,,,,1
QCD_HT300to500_BGenFilter_TuneCP5_13TeV-madgraph-pythia8,HIG,2,#N/A,17.13,17.13,27960,0.07%,28039.38792,0.6108,1.0,1.0,1.0,1.0,,12.2,0.010,,17.1,0.010,,5.5,0.010,,4.9,0.010,,,,1
QCD_HT500to700_BGenFilter_TuneCP5_13TeV-madgraph-pythia8,HIG,2,#N/A,8.29,8.29,#N/A,0.08%,#N/A,#N/A,1.0,1.0,1.0,1.0,,5.9,#N/A,,8.3,#N/A,,2.7,#N/A,,2.4,#N/A,,,,1
QCD_HT700to1000_BGenFilter_TuneCP5_13TeV-madgraph-pythia8,HIG,2,#N/A,5.84,5.84,#N/A,0.11%,#N/A,#N/A,1.0,1.0,1.0,1.0,,4.2,#N/A,,5.8,#N/A,,1.9,#N/A,,1.7,#N/A,,,,1
QCD_HT1000to1500_BGenFilter_TuneCP5_13TeV-madgraph-pythia8,HIG,2,#N/A,1.95,1.95,#N/A,0.17%,#N/A,#N/A,1.0,1.0,1.0,1.0,,1.4,#N/A,,2.0,#N/A,,0.6,#N/A,,0.6,#N/A,,,,1
QCD_HT1500to2000_BGenFilter_TuneCP5_13TeV-madgraph-pythia8,HIG,2,#N/A,0.51,0.51,#N/A,0.30%,#N/A,#N/A,1.0,1.0,1.0,1.0,,0.4,#N/A,,0.5,#N/A,,0.2,#N/A,,0.1,#N/A,,,,1
QCD_HT2000toInf_BGenFilter_TuneCP5_13TeV-madgraph-pythia8,HIG,2,#N/A,0.29,0.29,#N/A,0.56%,#N/A,#N/A,1.0,1.0,1.0,1.0,,0.2,#N/A,,0.3,#N/A,,0.1,#N/A,,0.1,#N/A,,,,1
Backgrounds for EXO,,2,#N/A,,#N/A,#N/A,#N/A,#N/A,#N/A,#DIV/0!,#DIV/0!,#DIV/0!,#DIV/0!,,,#N/A,,,#N/A,,,#N/A,,,#N/A,,,,
DYJetsToLL_M-10to50_TuneCP5_13TeV-madgraphMLM-pythia8,BTV,3,#N/A,86.37,86.37,15810,0.03%,15830.01119,5.456,1.0,1.0,1.0,1.0,,61.5,0.092,,86.4,0.092,,27.8,0.092,,24.9,0.092,,,,3
ZGToLLG_01J_5f_TuneCP5_13TeV-amcatnloFXFX-pythia8,SMP,3,#N/A,13.95,13.95,55.48,18.41%,138.95854,100.363,1.0,1.0,1.0,1.0,,9.9,1.701,,13.9,1.701,,4.5,1.701,,4.0,1.701,,,,3
ZGToLLG_01J_5f_lowMLL_TuneCP5_13TeV-amcatnloFXFX-pythia8,SMP,3,#N/A,14.77,14.77,#N/A,16.63%,#N/A,#N/A,1.0,1.0,1.0,1.0,,10.5,#N/A,,14.8,#N/A,,4.8,#N/A,,4.3,#N/A,,,,3
ZGToLLG_01J_5f_lowMLL_lowGPt_TuneCP5_13TeV-amcatnloFXFX-pythia8,EXO,3,#N/A,82.15,82.15,#N/A,15.90%,#N/A,#N/A,1.0,1.0,1.0,1.0,,58.5,#N/A,,82.1,#N/A,,26.5,#N/A,,23.7,#N/A,,,,3
TTJets_DiLept_TuneCP5_13TeV-madgraphMLM-pythia8,TOP,2,#N/A,28.70,28.70,54.17,0.05%,54.27387459,528.825,1.0,1.0,1.0,1.0,,20.4,8.963,,28.7,8.963,,9.2,8.963,,8.3,8.963,,"Obsolete, since LO and NLO does exist",,
WZTo3LNu_TuneCP5_13TeV-amcatnloFXFX-pythia8,SMP,2,#N/A,22.00,22.00,5052,18.76%,12943.30022,1.700,1.0,1.0,1.0,1.0,,15.7,0.029,,22.0,0.029,,7.1,0.029,,6.3,0.029,Diboson_resonances_WZ_3lnu,,,1
WZTo3LNu_TuneCP5_13TeV-powheg-pythia8,SMP,2,#N/A,1.98,1.98,#N/A,0.54%,#N/A,#N/A,1.0,1.0,1.0,1.0,,1.4,#N/A,,2.0,#N/A,,0.6,#N/A,,0.6,#N/A,Diboson_resonances_WZ_3lnu,,,1
WZTo3LNu_mllmin01_NNPDF31_TuneCP5_13TeV_powheg_pythia8,HIG,2,#N/A,89.48,89.48,#N/A,3.73%,#N/A,#N/A,1.0,1.0,1.0,1.0,,63.7,#N/A,,89.5,#N/A,,28.8,#N/A,,25.8,#N/A,HWW_differential_EFT,,,1
WZTo2L2Q_13TeV_amcatnloFXFX_madspin_pythia8,HIG,2,#N/A,28.19,28.19,6331,19.84%,17402.59687,1.620,1.0,1.0,1.0,1.0,,20.1,0.027,,28.2,0.027,,9.1,0.027,,8.1,0.027,Diboson_resonances_WZ_3lnu,,,1
ZZTo2L2Q_13TeV_amcatnloFXFX_madspin_pythia8,HIG,2,#N/A,27.90,27.90,3688,18.12%,9073.491777,3.075,1.0,1.0,1.0,1.0,,19.9,0.052,,27.9,0.052,,9.0,0.052,,8.0,0.052,Diboson_resonances_WZ_3lnu,,,1
ZZTo4L_M-1toInf_TuneCP5_13TeV_powheg_pythia8,SUS,2,#N/A,70.23,70.23,#N/A,1.16%,#N/A,#N/A,1.0,1.0,1.0,1.0,,50.0,#N/A,,70.2,#N/A,,22.6,#N/A,,20.2,#N/A,Diboson_resonances_WZ_3lnu,,,1
GluGluToContinToZZTo4mu_13TeV_TuneCP5_MCFM701_pythia8,SMP,3,#N/A,0.95,0.95,#N/A,0.00%,#N/A,#N/A,1.0,1.0,1.0,1.0,,0.7,#N/A,,0.9,#N/A,,0.3,#N/A,,0.3,#N/A,,,,3
GluGluToContinToZZTo4e_13TeV_TuneCP5_MCFM701_pythia8,SMP,3,#N/A,0.91,0.91,#N/A,0.00%,#N/A,#N/A,1.0,1.0,1.0,1.0,,0.7,#N/A,,0.9,#N/A,,0.3,#N/A,,0.3,#N/A,,,,3
GluGluToContinToZZTo4tau_13TeV_TuneCP5_MCFM701_pythia8,SMP,3,#N/A,0.47,0.47,#N/A,0.00%,#N/A,#N/A,1.0,1.0,1.0,1.0,,0.3,#N/A,,0.5,#N/A,,0.2,#N/A,,0.1,#N/A,,,,3
GluGluToContinToZZTo2e2tau_13TeV_TuneCP5_MCFM701_pythia8,SMP,3,#N/A,0.50,0.50,#N/A,0.00%,#N/A,#N/A,1.0,1.0,1.0,1.0,,0.4,#N/A,,0.5,#N/A,,0.2,#N/A,,0.1,#N/A,,,,3
GluGluToContinToZZTo2e2mu_13TeV_TuneCP5_MCFM701_pythia8,SMP,3,#N/A,0.50,0.50,#N/A,0.00%,#N/A,#N/A,1.0,1.0,1.0,1.0,,0.4,#N/A,,0.5,#N/A,,0.2,#N/A,,0.1,#N/A,,,,3
GluGluToContinToZZTo2mu2tau_13TeV_TuneCP5_MCFM701_pythia8,SMP,3,#N/A,0.50,0.50,#N/A,0.00%,#N/A,#N/A,1.0,1.0,1.0,1.0,,0.4,#N/A,,0.5,#N/A,,0.2,#N/A,,0.1,#N/A,,,,3
WGToLNuG_01J_5f_TuneCP5_13TeV-amcatnloFXFX-pythia8,SMP,2,#N/A,56.00,27.93,192.3,19.95%,532.3386809,105.196,1.0,1.0,1.0,1.0,,39.9,1.783,,56.0,1.783,,18.0,1.783,,16.1,1.783,,,,1
WGToLNuG_TuneCP5_13TeV-madgraphMLM-pythia8,SMP,2,#N/A,6.01,6.01,#N/A,0.00%,#N/A,#N/A,1.0,1.0,1.0,1.0,,4.3,#N/A,,6.0,#N/A,,1.9,#N/A,,1.7,#N/A,,,,1
WZJJToLNu_EWK_QCD_TuneCP5_13TeV-madgraph-pythia8,SMP,2,#N/A,0.48,0.48,#N/A,0.17%,#N/A,#N/A,1.0,1.0,1.0,1.0,,0.3,#N/A,,0.5,#N/A,,0.2,#N/A,,0.1,#N/A,,,,1
WLLJJ_WToLNu_EWK_TuneCP5_13TeV_madgraph-madspin-pythia8,SMP,2,#N/A,1.00,1.00,0.01628,0.33%,0.01649482835,60588.687,1.0,1.0,1.0,1.0,,0.7,1026.927,,1.0,1026.927,,0.3,1026.927,,0.3,1026.927,,,,1
WpWpJJ_EWK-QCD_TuneCP5_13TeV-madgraph-pythia8,SMP,2,#N/A,0.15,0.15,0.04932,0.33%,0.04998423494,3000.946,1.0,1.0,1.0,1.0,,0.1,50.863,,0.2,50.863,,0.0,50.863,,0.0,50.863,,,,1
WpWpJJ_QCD_TuneCP5_13TeV-madgraph-pythia8,SMP,2,#N/A,0.15,0.15,#N/A,0.17%,#N/A,#N/A,1.0,1.0,1.0,1.0,,0.1,#N/A,,0.2,#N/A,,0.0,#N/A,,0.0,#N/A,,,,1
WmWmJJ_EWK_TuneCP5_13TeV-powheg-pythia8,SMP,2,#N/A,1.45,1.45,#N/A,0.03%,#N/A,#N/A,1.0,1.0,1.0,1.0,,1.0,#N/A,,1.5,#N/A,,0.5,#N/A,,0.4,#N/A,,,,1
WpWpJJ_EWK_TuneCP5_13TeV-madgraph-pythia8,SMP,2,#N/A,0.15,0.15,#N/A,0.27%,#N/A,#N/A,1.0,1.0,1.0,1.0,,0.1,#N/A,,0.1,#N/A,,0.0,#N/A,,0.0,#N/A,,,,1
ZZJJTo4L_QCD_TuneCP5_13TeV-madgraph-pythia8,SMP,2,#N/A,3.75,3.75,#N/A,0.04%,#N/A,#N/A,1.0,1.0,1.0,1.0,,2.7,#N/A,,3.7,#N/A,,1.2,#N/A,,1.1,#N/A,,,,1
ZZJJTo4L_EWK_TuneCP5_13TeV-madgraph-pythia8,SMP,2,#N/A,3.91,3.91,#N/A,0.29%,#N/A,#N/A,1.0,1.0,1.0,1.0,,2.8,#N/A,,3.9,#N/A,,1.3,#N/A,,1.1,#N/A,,,,1
ZZJJTo4L_TuneCP5_13TeV-madgraph-pythia8,SMP,2,#N/A,3.98,3.98,#N/A,0.05%,#N/A,#N/A,1.0,1.0,1.0,1.0,,2.8,#N/A,,4.0,#N/A,,1.3,#N/A,,1.1,#N/A,,,,1
ZZTo4L_TuneCP5_DoubleScattering_13TeV-pythia8,SMP,2,#N/A,1.00,1.00,#N/A,0.00%,#N/A,#N/A,1.0,1.0,1.0,1.0,,0.7,#N/A,,1.0,#N/A,,0.3,#N/A,,0.3,#N/A,,,,1
WWTo2L2Nu_DoubleScattering_13TeV-pythia8,SMP,2,#N/A,0.87,0.87,0.1703,0.00%,0.1703,5117.440,1.0,1.0,1.0,1.0,,0.6,86.736,,0.9,86.736,,0.3,86.736,,0.3,86.736,,,,1
WWTo2L2Nu_DoubleScattering_13TeV-herwigpp,,,#N/A,,,,,,,,,,,,,,,,,,0.3,86.736,,0.3,86.736,,,,
WWW_4F_TuneCP5_13TeV-amcatnlo-pythia8,SMP,2,#N/A,0.24,0.24,0.2086,6.13%,0.270906892,885.913,1.0,1.0,1.0,1.0,,0.2,15.015,,0.2,15.015,,0.1,15.015,,0.1,15.015,,,,1
WWW_4F_DiLeptonFilter_TuneCP5_13TeV-amcatnlo-pythia8,SMP,2,#N/A,0.76,0.76,#N/A,6.32%,#N/A,#N/A,1.0,1.0,1.0,1.0,,0.5,#N/A,,0.8,#N/A,,0.2,#N/A,,0.2,#N/A,,,,1
WWZ_TuneCP5_13TeV-amcatnlo-pythia8,SMP,2,#N/A,0.25,0.25,#N/A,6.02%,#N/A,#N/A,1.0,1.0,1.0,1.0,,0.2,#N/A,,0.3,#N/A,,0.1,#N/A,,0.1,#N/A,,,,1
WZZ_TuneCP5_13TeV-amcatnlo-pythia8,SMP,2,#N/A,0.25,0.25,0.05565,6.18%,0.07246598326,3449.895,1.0,1.0,1.0,1.0,,0.2,58.473,,0.3,58.473,,0.1,58.473,,0.1,58.473,,,,1
ZZZ_TuneCP5_13TeV-amcatnlo-pythia8,SMP,2,#N/A,0.25,0.25,0.01398,7.14%,0.019028993,13137.847,1.0,1.0,1.0,1.0,,0.2,222.675,,0.3,222.675,,0.1,222.675,,0.1,222.675,,,,1
THW_5f_Hincl_13TeV_madgraph_pythia8,HIG,3,#N/A,1.50,1.50,#N/A,0.00%,#N/A,#N/A,1.0,1.0,1.0,1.0,,1.1,#N/A,,1.5,#N/A,,0.5,#N/A,,0.4,#N/A,,,,3
THQ_4f_Hincl_13TeV_madgraph_pythia8,HIG,3,#N/A,3.38,3.38,0.3184,0.30%,0.322259118,10476.026,1.0,1.0,1.0,1.0,,2.4,177.560,,3.4,177.560,,1.1,177.560,,1.0,177.560,,,,3
GluGluHToZZTo4L_M125_13TeV_powheg2_JHUGenV7011_pythia8,HIG,3,#N/A,0.96,0.96,28.87,0.51%,29.46690293,32.511,1.0,1.0,1.0,1.0,,0.7,0.551,,1.0,0.551,,0.3,0.551,,0.3,0.551,HtoZZ,,,3
VBF_HToZZTo4L_M125_13TeV_powheg2_JHUGenV7011_pythia8,HIG,3,#N/A,0.50,0.50,3935,0.07%,3945.282588,0.127,1.0,1.0,1.0,1.0,,0.4,0.002,,0.5,0.002,,0.2,0.002,,0.1,0.002,HtoZZ,,,3
ggZH_HToTauTau_ZToLL_M125_13TeV_powheg_pythia8,HIG,3,#N/A,2.91,2.91,0.00078,0.00%,0.00078,3727519.231,1.0,1.0,1.0,1.0,,2.1,63178.292,,2.9,63178.292,,0.9,63178.292,,0.8,63178.292,,,,3
GluGluZH_HToWW_ZTo2L_M125_13TeV_powheg_pythia8_TuneCP5_PSweights,HIG,3,#N/A,0.50,0.50,#N/A,0.00%,#N/A,#N/A,1.0,1.0,1.0,1.0,,0.4,#N/A,,0.5,#N/A,,0.2,#N/A,,0.1,#N/A,,,,3
GluGluToZH_HToZZTo4L_M125_13TeV_JHUGenV723_pythia8,HIG,3,#N/A,0.95,0.95,0.1057,0.00%,0.1057,8994.768,1.0,1.0,1.0,1.0,,0.7,152.454,,1.0,152.454,,0.3,152.454,,0.3,152.454,HtoZZ,,,3
bbH_HToZZTo4L_M125_13TeV_JHUGenV7011_pythia8,HIG,3,#N/A,0.49,0.49,1,0.00%,1,488.200,1.0,1.0,1.0,1.0,,0.3,8.275,,0.5,8.275,,0.2,8.275,,0.1,8.275,HtoZZ,,,3
VHToNonbb_M125_13TeV_amcatnloFXFX_madspin_pythia8,SUS,3,#N/A,1.10,1.10,2505,25.39%,10338.02489,0.107,1.0,1.0,1.0,1.0,,0.8,0.002,,1.1,0.002,,0.4,0.002,,0.3,0.002,,,,3
VHToNonbb_M125_DiLeptonFilter_TuneCP5_13TeV_amcatnloFXFX_madspin_pythia8,SMP,3,#N/A,2.89,2.89,#N/A,25.60%,#N/A,#N/A,1.0,1.0,1.0,1.0,,2.1,#N/A,,2.9,#N/A,,0.9,#N/A,,0.8,#N/A,,,,3
ttHToNonbb_M125_TuneCP5_13TeV-powheg-pythia8,HIG,3,#N/A,7.53,7.53,0.5638,1.05%,0.5882048544,12794.847,1.0,1.0,1.0,1.0,,5.4,216.862,,7.5,216.862,,2.4,216.862,,2.2,216.862,,,,3
DY1JetsToLL_M-50_LHEZpT_50-150_TuneCP5_13TeV-amcnloFXFX-pythia8,EXO,3,#N/A,10.97,10.97,316.6,25.86%,1358.578982,8.073,1.0,1.0,1.0,1.1,,8.0,0.140,,11.0,0.137,,3.5,0.136,,3.5,0.152,VHcc,,,3
DY1JetsToLL_M-50_LHEZpT_150-250_TuneCP5_13TeV-amcnloFXFX-pythia8,EXO,3,#N/A,14.01,14.01,9.543,21.01%,28.38451229,493.569,1.0,1.0,1.0,1.1,,10.0,8.388,,14.0,8.360,,4.5,8.344,,4.5,9.326,VHcc,,,3
DY1JetsToLL_M-50_LHEZpT_250-400_TuneCP5_13TeV-amcnloFXFX-pythia8,EXO,3,#N/A,7.53,7.53,1.098,18.35%,2.740345331,2748.296,1.0,1.0,1.0,1.2,,5.5,47.787,,7.5,46.388,,2.5,48.015,,2.5,53.664,VHcc,,,3
DY1JetsToLL_M-50_LHEZpT_400-inf_TuneCP5_13TeV-amcnloFXFX-pythia8,EXO,3,#N/A,1.25,1.25,0.1193,15.46%,0.2500283221,4979.988,1.0,1.1,1.0,1.1,,1.0,95.227,,1.3,84.736,,0.4,84.201,,0.4,94.107,VHcc,,,3
DY2JetsToLL_M-50_LHEZpT_50-150_TuneCP5_13TeV-amcnloFXFX-pythia8,EXO,3,#N/A,24.20,24.20,169.6,34.69%,1807.934928,13.386,1.0,1.0,1.0,1.1,,18.0,0.237,,25.0,0.234,,8.0,0.233,,8.0,0.260,VHcc,,,3
DY2JetsToLL_M-50_LHEZpT_150-250_TuneCP5_13TeV-amcnloFXFX-pythia8,EXO,3,#N/A,42.79,42.79,15.65,33.32%,140.6705133,304.169,1.0,1.0,1.0,1.1,,31.0,5.247,,43.0,5.181,,14.0,5.238,,14.0,5.854,VHcc,,,3
DY2JetsToLL_M-50_LHEZpT_250-400_TuneCP5_13TeV-amcnloFXFX-pythia8,EXO,3,#N/A,16.70,16.70,2.737,32.04%,21.2112728,787.527,1.0,1.0,1.0,1.1,,12.0,13.470,,17.0,13.584,,5.5,13.647,,5.5,15.253,VHcc,,,3
DY2JetsToLL_M-50_LHEZpT_400-inf_TuneCP5_13TeV-amcnloFXFX-pythia8,EXO,3,#N/A,2.83,2.83,0.4477,30.27%,2.875987939,983.936,1.1,1.2,1.0,1.2,,2.5,20.697,,3.0,17.680,,1.0,18.300,,1.0,20.453,VHcc,,,3
W1JetsToLNu_LHEWpT_100-150_TuneCP5_13TeV-amcnloFXFX-pythia8,EXO?,n/a,#N/A,200,0.00,2675,22.76%,9012.589459,22.191,0.7,1.4,1.6,1.7,,135.0,0.357,,135.0,0.254,,67.5,0.394,,67.5,0.441,VHcc,,,n/a
W1JetsToLNu_LHEWpT_150-250_TuneCP5_13TeV-amcnloFXFX-pythia8,EXO?,n/a,#N/A,100,0.00,284,20.61%,821.9760745,121.658,3.7,1.4,1.6,1.7,,368.0,10.660,,368.0,7.588,,184.0,11.782,,184.0,13.168,VHcc,,,n/a
W1JetsToLNu_LHEWpT_250-400_TuneCP5_13TeV-amcnloFXFX-pythia8,EXO?,n/a,#N/A,4,0.00,8,17.66%,19.12273314,209.175,10.8,1.4,1.6,1.7,,43.0,53.539,,43.0,38.112,,21.5,59.175,,21.5,66.136,VHcc,,,n/a
W1JetsToLNu_LHEWpT_400-inf_TuneCP5_13TeV-amcnloFXFX-pythia8,EXO?,n/a,#N/A,1,0.00,0.9,14.84%,1.820056145,549.434,13.5,1.4,1.6,1.8,,13.5,176.604,,13.5,125.718,,7.0,202.423,,7.0,226.237,VHcc,,,n/a
W2JetsToLNu_LHEWpT_100-150_TuneCP5_13TeV-amcnloFXFX-pythia8,EXO?,n/a,#N/A,150,0.00,281,33.93%,2720.286054,55.141,0.7,1.4,1.6,1.7,,107.0,0.937,,107.0,0.667,,53.5,1.035,,53.5,1.157,VHcc,,,n/a
W2JetsToLNu_LHEWpT_150-250_TuneCP5_13TeV-amcnloFXFX-pythia8,EXO?,n/a,#N/A,100,0.00,109,33.10%,954.0982459,104.811,5.0,1.4,1.6,1.7,,497.0,12.403,,497.0,8.829,,249.0,13.736,,249.0,15.352,VHcc,,,n/a
W2JetsToLNu_LHEWpT_250-400_TuneCP5_13TeV-amcnloFXFX-pythia8,EXO?,n/a,#N/A,20,0.00,18,31.54%,132.053258,151.454,7.2,1.4,1.6,1.7,,144.0,25.964,,144.0,18.483,,72.0,28.697,,72.0,32.073,VHcc,,,n/a
W2JetsToLNu_LHEWpT_400-inf_TuneCP5_13TeV-amcnloFXFX-pythia8,EXO?,n/a,#N/A,4,0.00,3,30.02%,18.78755633,212.907,15.3,1.4,1.6,1.7,,61.0,77.305,,61.0,55.031,,30.5,85.443,,30.5,95.495,VHcc,,,n/a
EWKWMinus2Jets_WToLNu_M-50_TuneCP5_13TeV-madgraph-pythia8,HIG,3,#N/A,4.43,4.43,23.24,0.11%,23.33939263,189.688,1.0,1.4,1.7,1.9,,4.5,4.591,,4.5,3.268,,2.5,5.638,,2.5,6.301,,,,3
EWKWPlus2Jets_WToLNu_M-50_TuneCP5_13TeV-madgraph-pythia8,HIG,3,#N/A,4.37,4.37,29.59,0.05%,29.64445667,147.481,1.0,2.8,1.7,1.9,,9.0,7.229,,4.5,2.573,,2.5,4.439,,2.5,4.961,,,,3
ZJetsToNuNu_HT-400To600_13TeV-madgraph,SUS,3,#N/A,9.51,9.51,13.18,0.13%,13.24927925,717.858,2.1,1.3,0.8,0.9,,19.0,34.144,,20.0,25.585,,5.0,19.862,,5.0,22.199,,,,3
ZJetsToNuNu_HT-600To800_13TeV-madgraph,SUS,3,#N/A,5.75,5.75,3257,0.18%,3280.888958,1.752,1.0,2.7,1.6,1.7,,11.5,0.083,,6.0,0.031,,3.0,0.048,,3.0,0.054,,,,3
ZJetsToNuNu_HT-800To1200_13TeV-madgraph,SUS,3,#N/A,2.07,2.07,1.49,0.26%,1.50537333,1372.947,1.0,1.4,2.0,2.3,,2.0,31.633,,2.0,22.518,,1.3,45.451,,1.3,50.798,,,,3
ZJetsToNuNu_HT-1200To2500_13TeV-madgraph,SUS,3,#N/A,0.34,0.34,0.3419,0.42%,0.3477624627,986.875,1.2,2.5,0.8,0.9,,0.7,47.925,,0.4,19.495,,0.1,15.134,,0.1,16.915,,,,3
ZJetsToNuNu_HT-2500ToInf_13TeV-madgraph,SUS,3,#N/A,0.36,0.36,0.005146,1.19%,0.005398985739,66612.326,1.1,0.0,1.6,1.7,,0.0,44.100,,0.4,1255.729,,0.2,1949.684,,0.2,2179.059,,,,3
Z1JetsToNuNu_M-50_LHEZpT_50-150_TuneCP5_13TeV-amcnloFXFX-pythia8,HIG,3,#N/A,,0.00,596.4,#N/A,#N/A,#N/A,#DIV/0!,1.4,1.6,1.8,,12.5,#N/A,,12.5,#N/A,,6.5,#N/A,,6.5,#N/A,,,,3
Z1JetsToNuNu_M-50_LHEZpT_150-250_TuneCP5_13TeV-amcnloFXFX-pythia8,HIG,3,#N/A,,0.00,17.98,#N/A,#N/A,#N/A,#DIV/0!,1.4,1.6,1.7,,44.0,#N/A,,44.0,#N/A,,22.0,#N/A,,22.0,#N/A,,,,3
Z1JetsToNuNu_M-50_LHEZpT_250-400_TuneCP5_13TeV-amcnloFXFX-pythia8,HIG,3,#N/A,,0.00,2.057,#N/A,#N/A,#N/A,#DIV/0!,1.4,1.6,1.7,,19.0,#N/A,,19.0,#N/A,,9.5,#N/A,,9.5,#N/A,,,,3
Z1JetsToNuNu_M-50_LHEZpT_400-inf_TuneCP5_13TeV-amcnloFXFX-pythia8,HIG,3,#N/A,2.7,2.68,0.2243,15.66%,0.4755569405,5642.725,0.6,1.4,1.6,1.7,,1.6,80.107,,1.6,57.025,,0.8,88.539,,0.8,98.955,,,,3
Z2JetsToNuNu_M-50_LHEZpT_50-150_TuneCP5_13TeV-amcnloFXFX-pythia8,HIG,3,#N/A,,0.00,325.8,#N/A,#N/A,#N/A,#DIV/0!,1.4,1.6,1.7,,20.0,#N/A,,20.0,#N/A,,10.0,#N/A,,10.0,#N/A,,,,3
Z2JetsToNuNu_M-50_LHEZpT_150-250_TuneCP5_13TeV-amcnloFXFX-pythia8,HIG,3,#N/A,127.3,127.27,29.76,33.31%,267.1641779,476.361,0.7,1.4,1.6,1.7,,83.0,7.397,,83.0,5.266,,41.5,8.176,,41.5,9.137,,,,3
Z2JetsToNuNu_M-50_LHEZpT_250-400_TuneCP5_13TeV-amcnloFXFX-pythia8,HIG,3,#N/A,,0.00,5.166,#N/A,#N/A,#N/A,#DIV/0!,1.4,1.6,1.7,,80.0,#N/A,,80.0,#N/A,,40.0,#N/A,,40.0,#N/A,,,,3
Z2JetsToNuNu_M-50_LHEZpT_400-inf_TuneCP5_13TeV-amcnloFXFX-pythia8,Not found,3,#N/A,,0.00,0.846,#N/A,#N/A,#N/A,#DIV/0!,#DIV/0!,#DIV/0!,#DIV/0!,,,#N/A,,,#N/A,,,#N/A,,,#N/A,,,,3
EWKZ2Jets_ZToLL_M-50_TuneCP5_13TeV-madgraph-pythia8,Not found,3,#N/A,,0.00,4321,#N/A,#N/A,#N/A,#DIV/0!,2.8,1.6,1.7,,2.0,#N/A,,1.0,#N/A,,0.5,#N/A,,0.5,#N/A,,,,3
EWKZ2Jets_ZToNuNu_TuneCP5_13TeV-madgraph-pythia8,Not found,3,#N/A,,0.00,10.66,#N/A,#N/A,#N/A,#DIV/0!,2.8,1.6,1.7,,6.0,#N/A,,3.0,#N/A,,1.5,#N/A,,1.5,#N/A,,,,3
ZZ_TuneCP5_13TeV-pythia8,BTV,3,#N/A,2.0,1.98,12.14,0.00%,12.14,163.015,1.0,1.4,1.6,1.7,,2.0,3.922,,2.0,2.792,,1.0,4.335,,1.0,4.845, TT_resonances_dilep,,,3
GJets_SM_5f_TuneCP5_EWK_13TeV-madgraph-pythia8,SMP,3,#N/A,3.3,3.27,#N/A,0.12%,#N/A,#N/A,0.9,0.9,1.0,1.2,,2.0,#N/A,,3.0,#N/A,,1.0,#N/A,,1.0,#N/A,,,,3
GJets_DR-0p4_HT-100To200_TuneCP5_13TeV-madgraphMLM-pythia8,SUS,3,#N/A,,#N/A,#N/A,#N/A,#N/A,#N/A,#DIV/0!,1.4,1.6,1.7,,16.0,#N/A,,16.0,#N/A,,8.0,#N/A,,8.0,#N/A,,,,3
GJets_DR-0p4_HT-200To400_TuneCP5_13TeV-madgraphMLM-pythia8,SUS,3,#N/A,,#N/A,#N/A,#N/A,#N/A,#N/A,#DIV/0!,1.4,1.6,1.7,,50.0,#N/A,,50.0,#N/A,,25.0,#N/A,,25.0,#N/A,,,,3
GJets_DR-0p4_HT-400To600_TuneCP5_13TeV-madgraphMLM-pythia8,SUS,3,#N/A,,#N/A,#N/A,#N/A,#N/A,#N/A,#DIV/0!,1.4,1.4,1.5,,13.5,#N/A,,13.5,#N/A,,6.0,#N/A,,6.0,#N/A,,,,3
GJets_DR-0p4_HT-600ToInf_TuneCP5_13TeV-madgraphMLM-pythia8,SUS,3,#N/A,12.5,12.46,#N/A,0.10%,#N/A,#N/A,1.0,1.0,1.5,1.7,,8.5,#N/A,,12.5,#N/A,,6.0,#N/A,,6.0,#N/A,,,,3
TTWJetsToQQ_TuneCP5_13TeV-amcatnloFXFX-madspin-pythia8,SUS,3,#N/A,0.8,0.84,0.4316,22.56%,1.433223301,582.809,1.2,1.4,1.6,1.7,,1.0,16.613,,1.0,11.826,,0.5,18.361,,0.5,20.521,,,,3
TTGJets_TuneCP5_13TeV-amcatnloFXFX-madspin-pythia8,SUS,3,#N/A,4.7,4.69,4.2,30.27%,26.97037008,173.966,1.1,5.9,4.7,5.2,,21.0,18.539,,5.0,3.142,,7.5,14.636,,7.5,16.358,,,,3
ttHTobb_M125_TuneCP5_13TeV-powheg-pythia8,HIG,3,#N/A,9.6,9.58,0.5269,1.03%,0.5493981423,17437.263,1.0,1.1,1.6,1.7,,8.0,346.700,,10.0,308.504,,5.0,478.993,,5.0,535.345,,,,3
ST_tW_top_5f_inclusiveDecays_TuneCP5_13TeV-powheg-pythia8,TOP,2,#N/A,9.6,9.60,34.91,0.23%,35.23517164,272.398,1.0,1.1,1.6,1.7,,8.0,5.406,,10.0,4.810,,5.0,7.469,,5.0,8.347,,"obsolete, done for NoFullyHadronic decays",,
ST_tW_antitop_5f_inclusiveDecays_TuneCP5_13TeV-powheg-pythia8,TOP,2,#N/A,7.6,7.62,34.97,0.22%,35.27606414,216.096,1.0,1.4,1.6,1.7,,8.0,5.400,,8.0,3.844,,4.0,5.968,,4.0,6.670,,"obsolete, done for NoFullyHadronic decays",,
ST_s-channel_4f_hadronicDecays_TuneCP5_13TeV-amcatnlo-pythia8,TOP,2,#N/A,,0.00,#N/A,#N/A,#N/A,#N/A,#DIV/0!,1.4,0.8,0.9,,10.0,#N/A,,10.0,#N/A,,2.5,#N/A,,2.5,#N/A,,"obsolete, done for leptonic decays only",,
ST_s-channel_4f_InclusiveDecays_13TeV-amcatnlo-pythia8,TOP,2,#N/A,,0.00,10.12,#N/A,#N/A,#N/A,#DIV/0!,1.4,1.6,1.7,,3.0,#N/A,,3.0,#N/A,,1.5,#N/A,,1.5,#N/A,,"obsolete, done for leptonic decays only",,
ZJetsToQQ_HT400to600_qc19_4j_TuneCP5_13TeV-madgraphMLM-pythia8,HIG,3,#N/A,16,16.70,145.4,0.09%,145.9428182,109.632,1.0,1.0,1.0,1.0,,11.4,1.858,0.0,16.0,1.858,0.0,5.2,1.858,,4.6,1.858,,"New gridpacks (fixed inconsistencies, pdgwft). B2G might be interested in looking at the cards.",,3
ZJetsToQQ_HT600to800_qc19_4j_TuneCP5_13TeV-madgraphMLM-pythia8,HIG,3,#N/A,14,14.64,34,0.13%,34.17861133,409.613,1.0,1.0,1.0,1.0,,10.0,6.943,0.0,14.0,6.943,0.0,4.5,6.943,,4.0,6.943,,,,3
ZJetsToQQ_HT800toInf_qc19_4j_TuneCP5_13TeV-madgraphMLM-pythia8,HIG,3,#N/A,12,0.00,18.67,0.00%,18.67,642.742,1.0,1.0,1.0,1.0,,8.5,10.894,0.0,12.0,10.894,0.0,3.9,10.894,,3.5,10.894,,,,3
WJetsToQQ_HT400to600_qc19_3j_TuneCP5_13TeV-madgraphMLM-pythia8,HIG,3,#N/A,10,10.07,315.6,0.11%,316.9409863,31.552,1.0,1.0,1.0,1.0,,7.1,0.535,0.0,10.0,0.535,0.0,3.2,0.535,,2.9,0.535,,,,3
WJetsToQQ_HT600to800_qc19_3j_TuneCP5_13TeV-madgraphMLM-pythia8,HIG,3,#N/A,15,15.30,68.57,0.14%,68.95587879,217.530,1.0,1.0,1.0,1.0,,10.7,3.687,0.0,15.0,3.687,0.0,4.8,3.687,,4.3,3.687,,,,3
WJetsToQQ_HT800toInf_qc19_3j_TuneCP5_13TeV-madgraphMLM-pythia8,HIG,3,#N/A,15,0.00,34.9,0.00%,34.9,429.799,1.0,1.0,1.0,1.0,,10.7,7.285,0.0,15.0,7.285,0.0,4.8,7.285,,4.3,7.285,,,,3
GluGluToWWToENEN_13TeV_MCFM701_pythia8,HIG,3,#N/A,5,0.00,#N/A,#N/A,#N/A,#N/A,1.0,1.0,1.0,1.0,0,3.6,#N/A,0.0,5.0,#N/A,0.0,1.6,#N/A,,1.4,#N/A,HWW_differential_EFT,,,3
GluGluToWWToENMN_13TeV_MCFM701_pythia8,HIG,3,#N/A,5,0.00,#N/A,#N/A,#N/A,#N/A,1.0,1.0,1.0,1.0,0,3.6,#N/A,0.0,5.0,#N/A,0.0,1.6,#N/A,,1.4,#N/A,HWW_differential_EFT,,,3
GluGluToWWToENTN_13TeV_MCFM701_pythia8,HIG,3,#N/A,5,0.00,#N/A,#N/A,#N/A,#N/A,1.0,1.0,1.0,1.0,0,3.6,#N/A,0.0,5.0,#N/A,0.0,1.6,#N/A,,1.4,#N/A,HWW_differential_EFT,,,3
GluGluToWWToMNEN_13TeV_MCFM701_pythia8,HIG,3,#N/A,5,0.00,#N/A,#N/A,#N/A,#N/A,1.0,1.0,1.0,1.0,0,3.6,#N/A,0.0,5.0,#N/A,0.0,1.6,#N/A,,1.4,#N/A,HWW_differential_EFT,,,3
GluGluToWWToMNMN_13TeV_MCFM701_pythia8,HIG,3,#N/A,5,0.00,#N/A,#N/A,#N/A,#N/A,1.0,1.0,1.0,1.0,0,3.6,#N/A,0.0,5.0,#N/A,0.0,1.6,#N/A,,1.4,#N/A,HWW_differential_EFT,,,3
GluGluToWWToMNTN_13TeV_MCFM701_pythia8,HIG,3,#N/A,5,0.00,#N/A,#N/A,#N/A,#N/A,1.0,1.0,1.0,1.0,0,3.6,#N/A,0.0,5.0,#N/A,0.0,1.6,#N/A,,1.4,#N/A,HWW_differential_EFT,,,3
GluGluToWWToTNEN_13TeV_MCFM701_pythia8,HIG,3,#N/A,5,0.00,#N/A,#N/A,#N/A,#N/A,1.0,1.0,1.0,1.0,0,3.6,#N/A,0.0,5.0,#N/A,0.0,1.6,#N/A,,1.4,#N/A,HWW_differential_EFT,,,3
GluGluToWWToTNMN_13TeV_MCFM701_pythia8,HIG,3,#N/A,5,0.00,#N/A,#N/A,#N/A,#N/A,1.0,1.0,1.0,1.0,0,3.6,#N/A,0.0,5.0,#N/A,0.0,1.6,#N/A,,1.4,#N/A,HWW_differential_EFT,,,3
GluGluToWWToTNTN_13TeV_MCFM701_pythia8,HIG,3,#N/A,5,0.00,#N/A,#N/A,#N/A,#N/A,1.0,1.0,1.0,1.0,0,3.6,#N/A,0.0,5.0,#N/A,0.0,1.6,#N/A,,1.4,#N/A,HWW_differential_EFT,,,3
DYJetsToLL_M-100to200_TuneCP5_13TeV-amcatnloFXFX-pythia8,SMP,3,#N/A,15,15,226,0.2,627.7777778,23.894,1.0,1.4,1.7,1.6,,15.0,0.569,,15.0,0.405,,8.0,0.671,,7.0,0.656,,samples needed for off shell (multi) differential DY analyses -> 2021 Q4 ??,,3
DYJetsToLL_M-200to400_TuneCP5_13TeV-amcatnloFXFX-pythia8,SMP,3,#N/A,3,3,7.67,0.2,21.30555556,140.808,1.0,1.4,2.1,1.2,,3.0,3.353,,3.0,2.387,,2.0,4.941,,1.0,2.761,,samples needed for off shell (multi) differential DY analyses,,3
DYJetsToLL_M-400to500_TuneCP5_13TeV-amcatnloFXFX-pythia8,SMP,3,#N/A,1,1,0.423,0.2,1.175,851.064,1.0,1.4,1.6,1.7,,1.0,20.263,,1.0,14.425,,0.5,22.396,,0.5,25.031,,samples needed for off shell (multi) differential DY analyses,,3
DYJetsToLL_M-500to700_TuneCP5_13TeV-amcatnloFXFX-pythia8,SMP,3,#N/A,1,1,0.24,0.2,0.6666666667,1500.000,1.0,1.4,1.6,1.7,,1.0,35.714,,1.0,25.424,,0.5,39.474,,0.5,44.118,,samples needed for off shell (multi) differential DY analyses,,3
DYJetsToLL_M-700to800_TuneCP5_13TeV-amcatnloFXFX-pythia8,SMP,3,#N/A,1,1,0.035,0.2,0.09722222222,10285.714,1.0,1.4,1.6,1.7,,1.0,244.898,,1.0,174.334,,0.5,270.677,,0.5,302.521,,samples needed for off shell (multi) differential DY analyses,,3
DYJetsToLL_M-800to1000_TuneCP5_13TeV-amcatnloFXFX-pythia8,SMP,3,#N/A,1,1,0.03,0.2,0.08333333333,12000.000,1.0,1.4,1.6,1.7,,1.0,285.714,,1.0,203.390,,0.5,315.789,,0.5,352.941,,samples needed for off shell (multi) differential DY analyses,,3
DYJetsToLL_M-1000to1500_TuneCP5_13TeV-amcatnloFXFX-pythia8,SMP,3,#N/A,1,1,0.016,0.2,0.04444444444,22500.000,1.0,1.4,1.6,1.7,,1.0,535.714,,1.0,381.356,,0.5,592.105,,0.5,661.765,,samples needed for off shell (multi) differential DY analyses,,3
DYJetsToLL_M-1500to2000_TuneCP5_13TeV-amcatnloFXFX-pythia8,SMP,3,#N/A,1,1,0.002,0.2,0.005555555556,180000.000,1.0,1.4,1.6,1.7,,1.0,4285.714,,1.0,3050.847,,0.5,4736.842,,0.5,5294.118,,samples needed for off shell (multi) differential DY analyses,,3
DYJetsToLL_M-2000to3000_TuneCP5_13TeV-amcatnloFXFX-pythia8,SMP,3,#N/A,1,1,0.00054,0.2,0.0015,666666.667,1.0,1.4,1.6,1.7,,1.0,15873.016,,1.0,11299.435,,0.5,17543.860,,0.5,19607.843,,samples needed for off shell (multi) differential DY analyses,,3
DYJetsToLL_M-10to50_TuneCP5_13TeV-amcatnloFXFX-pythia8,SMP,3,#N/A,200,200,18610,0.2,51694.44444,3.869,1.3,1.0,1.0,1.3,,180.0,0.083,,260.0,0.085,,80.0,0.081,,100.0,0.114,,samples needed for off shell (multi) differential DY analyses,,3
WWTo1L1Nu2Q_13TeV_amcatnloFXFX_madspin_pythia8,SMP,3,#N/A,10,10,54,0.2,150,66.667,1.0,1.0,1.0,1.0,0,7.1,1.130,0.0,10.0,1.130,0.0,3.2,1.130,,2.9,1.130,,,,3
WWTo4Q_13TeV_amcatnloFXFX_madspin_pythia8,SMP,3,#N/A,10,10,54,0.2,150,66.667,1.0,1.0,1.0,1.0,0,7.1,1.130,0.0,10.0,1.130,0.0,3.2,1.130,,2.9,1.130,,,,3
WZTo1L1Nu2Q_13TeV_amcatnloFXFX_madspin_pythia8,SMP,3,#N/A,10,10,11.9,0.2,33.05555556,302.521,1.0,1.0,1.0,1.0,0,7.1,5.127,0.0,10.0,5.127,0.0,3.2,5.127,,2.9,5.127,,,,3
WZTo2Q2Nu_13TeV_amcatnloFXFX_madspin_pythia8,SMP,3,#N/A,10,10,6.6,0.2,18.33333333,545.455,1.0,1.0,1.0,1.0,0,7.1,9.245,0.0,10.0,9.245,0.0,3.2,9.245,,2.9,9.245,,,,3
WZTo1L3Nu_13TeV_amcatnloFXFX_madspin_pythia8,SMP,3,#N/A,10,10,3.4,0.2,9.444444444,1058.824,1.0,1.0,1.0,1.0,0,7.1,17.946,0.0,10.0,17.946,0.0,3.2,17.946,,2.9,17.946,,,,3
ZZTo4Q_13TeV_amcatnloFXFX_madspin_pythia8,SMP,3,#N/A,10,10,14,0.2,38.88888889,257.143,1.0,1.0,1.0,1.0,0,7.1,4.358,0.0,10.0,4.358,0.0,3.2,4.358,,2.9,4.358,,,,3
ZZTo2Q2Nu_13TeV_amcatnloFXFX_madspin_pythia8,SMP,3,#N/A,10,10,4,0.2,11.11111111,900.000,1.0,1.0,1.0,1.0,0,7.1,15.254,0.0,10.0,15.254,0.0,3.2,15.254,,2.9,15.254,,,,3
WWTo2L2Nu 13TeV-powheg,SMP,,#N/A,10,10,12,0,12,833.333,,,,,,,,,,,,,,,,,,,,
WGG 5f TuneCP5 13TeV-amcatnlo-pythia8,SMP,,#N/A,10,10,2,0,,,,,,,,,,,,,,,,,,,,,,
ZGGToLLGG 5f TuneCP5 13TeV-amcatnlo-pythia8,SMP,,#N/A,10,10,0.7,0,,,,,,,,,,,,,,,,,,,,,,
WWG TuneCP5 13TeV-amcatnlo-pythia8,SMP,,#N/A,10,10,0.23,0,,,,,,,,,,,,,,,,,,,,,,
WZG TuneCP5 13TeV-amcatnlo-pythia8,SMP,,#N/A,10,10,0.04,0,,,,,,,,,,,,,,,,,,,,,,
VBFHToTauTau_M125_13TeV_powheg_pythia8,HIG,,#N/A,10,10,0.23,0,,,,,,,,,,,,,,,,,,,,,,
VBFHToWWTo2L2Nu_M125_13TeV_powheg2_JHUGenV714_pythia8,HIG,,#N/A,10,10,0.1,0,,,,,,,,,,,,,,,,,,,,,,
GluGluHToTauTau_M125_13TeV_powheg_pythia8,HIG,,#N/A,10,10,3.1,0,,,,,,,,,,,,,,,,,,,,,,
GluGluHToWWTo2L2Nu_M125_13TeV_powheg2_JHUGenV714_pythia8,HIG,,#N/A,10,10,1.1,0,,,,,,,,,,,,,,,,,,,,,,
LambdaBToXiJPsiK_JPsiToMuMu_TuneCP5_13TeV-pythia8-evtgen,BPH,2,90000.00,5.0,0.00,N/A,N/A,N/A,N/A,1.0,0.8,0.6,0.7,0,3.0,N/A,0.0,5.0,N/A,0.0,1,N/A,0.0,1.0,N/A,"Line 4 from the ""UL needs"" document",Dedicated signal and normalization MC samples with specific b baryon decays,,2
LambdaBToPsi2sLambda_Psi2sToJPsiPiPi_JPsiToMuMu_TuneCP5_13TeV-pythia8-evtgen,BPH,2,90000.00,10.0,0.00,N/A,N/A,N/A,N/A,1.0,0.8,0.6,0.7,0,6.0,N/A,0.0,10.0,N/A,0.0,2,N/A,0.0,2.0,N/A,"Line 4 from the ""UL needs"" document",Dedicated signal and normalization MC samples with specific b baryon decays,,2
LambdaBToJpsiLambda_JpsiToMuMu_TuneCP5_13TeV-pythia8-evtgen,BPH,2,90000.00,10.0,0.00,N/A,N/A,N/A,N/A,1.0,0.8,0.6,0.7,0,6.0,N/A,0.0,10.0,N/A,0.0,2,N/A,0.0,2.0,N/A,"Line 4 from the ""UL needs"" document",Dedicated signal and normalization MC samples with specific b baryon decays,,2
TOP additional samples,,3,#N/A,,,,,,,,,,,,,,,,,,,,,,,,,,3
TT_Mtt-700to1000_TuneCP5_13TeV-powheg-pythia8 ,TOP,3,#N/A,35,#N/A,#N/A,#N/A,#N/A,#N/A,0.6,1.8,3.1,3.5,,24.9,#N/A,,20.0,#N/A,,20.0,#N/A,,20.0,#N/A,"TT_resonances_dilep, TT_resonances_1lep, TT_resonances_allhad, ",,,3
TT_Mtt-1000toInf_TuneCP5_13TeV-powheg-pythia8,TOP,3,90001.00,25,0.00,#N/A,#N/A,#N/A,#N/A,0.8,1.3,3.1,3.5,,17.8,#N/A,,20.0,#N/A,,20.0,#N/A,,20.0,#N/A,"TT_resonances_dilep, TT_resonances_1lep, TT_resonances_allhad",,,3
TWZToLL_tlept_Wlept_5f_DR_TuneCP5_13TeV-amcatnlo-pythia8,TOP,3,85001.00,1,#N/A,#N/A,#N/A,#N/A,#N/A,1.0,1.0,1.0,1.0,0,0.7,#N/A,0.0,1.0,#N/A,0.0,0.3,#N/A,,0.3,#N/A,"tWZ, 3/4L ttZ, tZq differential, EFT of top-Z (not mentioned in the other page)",,,3
TWZToLL_tlept_Whad_5f_DR_TuneCP5_13TeV-amcatnlo-pythia8,TOP,3,85001.00,3,#N/A,#N/A,#N/A,#N/A,#N/A,1.0,1.0,1.0,1.0,0,2.1,#N/A,0.0,3.0,#N/A,0.0,1.0,#N/A,,0.9,#N/A,"tWZ, 3/4L ttZ, tZq differential, EFT of top-Z (not mentioned in the other page)",,,3
TWZToLL_thad_Wlept_5f_DR_TuneCP5_13TeV-amcatnlo-pythia8,TOP,3,85001.00,3,#N/A,#N/A,#N/A,#N/A,#N/A,1.0,1.0,1.0,1.0,0,2.1,#N/A,0.0,3.0,#N/A,0.0,1.0,#N/A,,0.9,#N/A,"tWZ, 3/4L ttZ, tZq differential, EFT of top-Z (not mentioned in the other page)",,,3
TTToSemiLepton_HT500Njet9_TuneCP5_13TeV-powheg-pythia8,TOP,3,85001.00,10,#N/A,#N/A,#N/A,#N/A,#N/A,1.0,1.0,1.0,1.0,0,7.1,#N/A,0.0,10.0,#N/A,0.0,3.2,#N/A,,2.9,#N/A,"tttt_SL/tttt_OSDL, tttt_fullyhadronic, ttbar_boosted_fullyhadronic",,,3
TTTo2L2Nu_HT500Njet7_TuneCP5_13TeV-powheg-pythia8,TOP,3,85001.00,10,#N/A,#N/A,#N/A,#N/A,#N/A,1.0,1.0,1.0,1.0,0,7.1,#N/A,0.0,10.0,#N/A,0.0,3.2,#N/A,,2.9,#N/A,"tttt_SL/tttt_OSDL, tttt_fullyhadronic, ttbar_boosted_fullyhadronic",,,3
ExclusiveTTbar_HadLep_TuneCP5_13TeV-FPMC-madspin-pythia8,TOP,3,85001.00,0.75,#N/A,#N/A,#N/A,#N/A,#N/A,1.0,1.0,1.0,1.0,0,0.5,#N/A,0.0,0.8,#N/A,0.0,0.2,#N/A,,0.2,#N/A,tt exclusive,,,3
ExclusiveTTbar_LepHad_TuneCP5_13TeV-FPMC-madspin-pythia8,TOP,3,85001.00,0.75,#N/A,#N/A,#N/A,#N/A,#N/A,1.0,1.0,1.0,1.0,0,0.5,#N/A,0.0,0.8,#N/A,0.0,0.2,#N/A,,0.2,#N/A,tt exclusive,,,3
ExclusiveTTbar_LepLep_TuneCP5_13TeV-FPMC-madspin-pythia8,TOP,3,85001.00,1.5,#N/A,#N/A,#N/A,#N/A,#N/A,1.0,1.0,1.0,1.0,0,1.1,#N/A,0.0,1.5,#N/A,0.0,0.5,#N/A,,0.4,#N/A,tt exclusive,,,3
TAToTTQ_MA-scan_TuneCP5_13TeV_G2HDM-rtc01-madgraphMLM-pythia8,TOP,3,#N/A,3,#N/A,#N/A,#N/A,#N/A,#N/A,1.0,1.0,1.0,1.0,0,2.1,#N/A,0.0,3.0,#N/A,0.0,1.0,#N/A,,0.9,#N/A,Searcg for ttc -- not in the other table,,,3
TAToTTQ_MA-scan_TuneCP5_13TeV_G2HDM-rtc04-madgraphMLM-pythia8,TOP,3,#N/A,3,#N/A,#N/A,#N/A,#N/A,#N/A,1.0,1.0,1.0,1.0,0,2.1,#N/A,0.0,3.0,#N/A,0.0,1.0,#N/A,,0.9,#N/A,Searcg for ttc -- not in the other table,,,3
TAToTTQ_MA-scan_TuneCP5_13TeV_G2HDM-rtc08-madgraphMLM-pythia8,TOP,3,#N/A,3,#N/A,#N/A,#N/A,#N/A,#N/A,1.0,1.0,1.0,1.0,0,2.1,#N/A,0.0,3.0,#N/A,0.0,1.0,#N/A,,0.9,#N/A,Searcg for ttc -- not in the other table,,,3
TAToTTQ_MA-scan_TuneCP5_13TeV_G2HDM-rtc1-madgraphMLM-pythia8,TOP,3,#N/A,3,#N/A,#N/A,#N/A,#N/A,#N/A,1.0,1.0,1.0,1.0,0,2.1,#N/A,0.0,3.0,#N/A,0.0,1.0,#N/A,,0.9,#N/A,Searcg for ttc -- not in the other table,,,3
TAToTTQ_MA-scan_TuneCP5_13TeV_G2HDM-rtu01-madgraphMLM-pythia8,TOP,3,#N/A,3,#N/A,#N/A,#N/A,#N/A,#N/A,1.0,1.0,1.0,1.0,0,2.1,#N/A,0.0,3.0,#N/A,0.0,1.0,#N/A,,0.9,#N/A,Searcg for ttc -- not in the other table,,,3
TAToTTQ_MA-scan_TuneCP5_13TeV_G2HDM-rtu04-madgraphMLM-pythia8,TOP,3,#N/A,3,#N/A,#N/A,#N/A,#N/A,#N/A,1.0,1.0,1.0,1.0,0,2.1,#N/A,0.0,3.0,#N/A,0.0,1.0,#N/A,,0.9,#N/A,Searcg for ttc -- not in the other table,,,3
TAToTTQ_MA-scan_TuneCP5_13TeV_G2HDM-rtu08-madgraphMLM-pythia8,TOP,3,#N/A,3,#N/A,#N/A,#N/A,#N/A,#N/A,1.0,1.0,1.0,1.0,0,2.1,#N/A,0.0,3.0,#N/A,0.0,1.0,#N/A,,0.9,#N/A,Searcg for ttc -- not in the other table,,,3
TAToTTQ_MA-scan_TuneCP5_13TeV_G2HDM-rtu1-madgraphMLM-pythia8,TOP,3,#N/A,3,#N/A,#N/A,#N/A,#N/A,#N/A,1.0,1.0,1.0,1.0,0,2.1,#N/A,0.0,3.0,#N/A,0.0,1.0,#N/A,,0.9,#N/A,Searcg for ttc -- not in the other table,,,3
TS0ToTTQ_MS0-scan_TuneCP5_13TeV_G2HDM-rtc01-madgraphMLM-pythia8,TOP,3,#N/A,3,#N/A,#N/A,#N/A,#N/A,#N/A,1.0,1.0,1.0,1.0,0,2.1,#N/A,0.0,3.0,#N/A,0.0,1.0,#N/A,,0.9,#N/A,Searcg for ttc -- not in the other table,,,3
TS0ToTTQ_MS0-scan_TuneCP5_13TeV_G2HDM-rtc04-madgraphMLM-pythia8,TOP,3,#N/A,3,#N/A,#N/A,#N/A,#N/A,#N/A,1.0,1.0,1.0,1.0,0,2.1,#N/A,0.0,3.0,#N/A,0.0,1.0,#N/A,,0.9,#N/A,Searcg for ttc -- not in the other table,,,3
TS0ToTTQ_MS0-scan_TuneCP5_13TeV_G2HDM-rtc08-madgraphMLM-pythia8,TOP,3,#N/A,3,#N/A,#N/A,#N/A,#N/A,#N/A,1.0,1.0,1.0,1.0,0,2.1,#N/A,0.0,3.0,#N/A,0.0,1.0,#N/A,,0.9,#N/A,Searcg for ttc -- not in the other table,,,3
TS0ToTTQ_MS0-scan_TuneCP5_13TeV_G2HDM-rtc11-madgraphMLM-pythia8,TOP,3,#N/A,3,#N/A,#N/A,#N/A,#N/A,#N/A,1.0,1.0,1.0,1.0,0,2.1,#N/A,0.0,3.0,#N/A,0.0,1.0,#N/A,,0.9,#N/A,Searcg for ttc -- not in the other table,,,3
TS0ToTTQ_MS0-scan_TuneCP5_13TeV_G2HDM-rtu01-madgraphMLM-pythia8,TOP,3,#N/A,3,#N/A,#N/A,#N/A,#N/A,#N/A,1.0,1.0,1.0,1.0,0,2.1,#N/A,0.0,3.0,#N/A,0.0,1.0,#N/A,,0.9,#N/A,Searcg for ttc -- not in the other table,,,3
TS0ToTTQ_MS0-scan_TuneCP5_13TeV_G2HDM-rtu04-madgraphMLM-pythia8,TOP,3,#N/A,3,#N/A,#N/A,#N/A,#N/A,#N/A,1.0,1.0,1.0,1.0,0,2.1,#N/A,0.0,3.0,#N/A,0.0,1.0,#N/A,,0.9,#N/A,Searcg for ttc -- not in the other table,,,3
TS0ToTTQ_MS0-scan_TuneCP5_13TeV_G2HDM-rtu08-madgraphMLM-pythia8,TOP,3,#N/A,3,#N/A,#N/A,#N/A,#N/A,#N/A,1.0,1.0,1.0,1.0,0,2.1,#N/A,0.0,3.0,#N/A,0.0,1.0,#N/A,,0.9,#N/A,Searcg for ttc -- not in the other table,,,3
TS0ToTTQ_MS0-scan_TuneCP5_13TeV_G2HDM-rtu1-madgraphMLM-pythia8,TOP,3,#N/A,3,#N/A,#N/A,#N/A,#N/A,#N/A,1.0,1.0,1.0,1.0,0,2.1,#N/A,0.0,3.0,#N/A,0.0,1.0,#N/A,,0.9,#N/A,Searcg for ttc -- not in the other table,,,3
TTTT_TuneCP5_13TeV-amcatnlo-pythia8,TOP,3,#N/A,15,11.95,0.008213,31.33%,0.05892443781,254563.311,1.0,1.0,1.0,1.0,,10.7,4314.632,,15.0,4314.632,,4.8,4314.632,,4.3,4314.632,"tttt_SL/tttt_OSDL, tttt_fullyhadronic",,,3
TGJets_leptonDecays_TuneCP5_13TeV-madgraph-pythia8,TOP,3,#N/A,20,#N/A,#N/A,#N/A,#N/A,#N/A,1.0,1.0,1.0,1.0,0,14.2,#N/A,0.0,20.0,#N/A,0.0,6.4,#N/A,,5.8,#N/A,"tGamma, tt+gamma",,,3
TTGamma_Dilept_TuneCP5_13TeV-madgraph-pythia8,TOP,3,#N/A,15,5.97,#N/A,0.03%,#N/A,#N/A,1.0,1.0,1.0,1.0,0,10.7,#N/A,0.0,15.0,#N/A,0.0,4.8,#N/A,,4.3,#N/A,tt+gamma,,,3
TTGamma_SingleLept_TuneCP5_13TeV-madgraph-pythia8,TOP,3,#N/A,30,11.81,#N/A,0.04%,#N/A,#N/A,1.0,1.0,1.0,1.0,0,21.4,#N/A,0.0,30.0,#N/A,0.0,9.7,#N/A,,8.6,#N/A,"tGamma, tt+gamma",,,3
TTZToQQ_TuneCP5_13TeV-amcatnlo-pythia8,SUS/TOP,3,#N/A,20,9.64,0.5104,26.30%,2.272507369,8800.852,1.0,1.0,1.0,1.0,0,14.2,149.167,0.0,20.0,149.167,0.0,6.4,149.167,,5.8,149.167,SL_ttZ/H_tobb,,,3
TTZJetsToQQ_Dilept_TuneCP5_13TeV-amcatnlo-pythia8,TOP,3,#N/A,10,#N/A,#N/A,#N/A,#N/A,#N/A,1.0,1.0,1.0,1.0,0,7.1,#N/A,0.0,10.0,#N/A,0.0,3.2,#N/A,,2.9,#N/A,SL_ttZ/H_tobb,,,3
TTZToBB_TuneCP5_13TeV-amcatnlo-pythia8,TOP,3,#N/A,10,#N/A,#N/A,#N/A,#N/A,#N/A,1.0,1.0,1.0,1.0,0,7.1,#N/A,0.0,10.0,#N/A,0.0,3.2,#N/A,,2.9,#N/A,SL_ttZ/H_tobb,,,3
TTWW_TuneCP5_13TeV-madgraph-pythia8,SUS/TOP,3,#N/A,1,0.99,0.006979,0.23%,0.007042331854,141998.421,1.0,1.0,1.0,1.0,0,0.7,2406.753,0.0,1.0,2406.753,0.0,0.3,2406.753,,0.3,2406.753,"tttt_SL/tttt_OSDL, tWZ, 3/4L ttZ, tZq differential, ttW differential, EFT of top-Z (not mentioned in the other page)",,,3
TTZZ_TuneCP5_13TeV-madgraph-pythia8,TOP,3,#N/A,0.5,0.20,0.001386,0.16%,0.001394941149,358438.061,1.0,1.0,1.0,1.0,0,0.4,6075.221,0.0,0.5,6075.221,0.0,0.2,6075.221,,0.1,6075.221,"tttt_SL/tttt_OSDL, tWZ, 3/4L ttZ, tZq differential, ttW differential, EFT of top-Z (not mentioned in the other page)",,,3
TTWZ_TuneCP5_13TeV-madgraph-pythia8,TOP,3,#N/A,0.5,0.20,0.002441,0.31%,0.002471601982,202297.944,1.0,1.0,1.0,1.0,0,0.4,3428.779,0.0,0.5,3428.779,0.0,0.2,3428.779,,0.1,3428.779,"tttt_SL/tttt_OSDL, tWZ, 3/4L ttZ, tZq differential, ttW differential, EFT of top-Z (not mentioned in the other page)",,,3
TTTW_TuneCP5_13TeV-madgraph-pythia8,TOP,3,#N/A,0.5,0.20,0.0007314,0.08%,0.0007336579265,681516.524,1.0,1.0,1.0,1.0,0,0.4,11551.128,0.0,0.5,11551.128,0.0,0.2,11551.128,,0.1,11551.128,"tttt_SL/tttt_OSDL, tWZ, 3/4L ttZ, tZq differential, ttW differential, EFT of top-Z (not mentioned in the other page)",,,3
TTWH_TuneCP5_13TeV-madgraph-pythia8,TOP,3,#N/A,0.5,0.20,0.001141,0.24%,0.001151801491,434102.581,1.0,1.0,1.0,1.0,0,0.4,7357.671,0.0,0.5,7357.671,0.0,0.2,7357.671,,0.1,7357.671,"tttt_SL/tttt_OSDL, tWZ, 3/4L ttZ, tZq differential, ttW differential, EFT of top-Z (not mentioned in the other page)",,,3
TTZH_TuneCP5_13TeV-madgraph-pythia8,TOP,3,#N/A,0.5,0.20,0.00113,0.15%,0.001136856243,439809.345,1.0,1.0,1.0,1.0,0,0.4,7454.396,0.0,0.5,7454.396,0.0,0.2,7454.396,,0.1,7454.396,"tttt_SL/tttt_OSDL, tWZ, 3/4L ttZ, tZq differential, ttW differential, EFT of top-Z (not mentioned in the other page)",,,3
TTHH_TuneCP5_13TeV-madgraph-pythia8,TOP,3,#N/A,0.5,0.20,0.0006655,0.18%,0.0006703635449,745863.948,1.0,1.0,1.0,1.0,0,0.4,12641.762,0.0,0.5,12641.762,0.0,0.2,12641.762,,0.1,12641.762,"tttt_SL/tttt_OSDL, tWZ, 3/4L ttZ, tZq differential, ttW differential, EFT of top-Z (not mentioned in the other page)",,,3
TTTJ_TuneCP5_13TeV-madgraph-pythia8,TOP,3,#N/A,0.5,0.18,0.0003974,0.36%,0.0004031199928,1240325.484,1.0,1.0,1.0,1.0,0,0.4,21022.466,0.0,0.5,21022.466,0.0,0.2,21022.466,,0.1,21022.466,"tttt_SL/tttt_OSDL, tWZ, 3/4L ttZ, tZq differential, ttW differential, EFT of top-Z (not mentioned in the other page)",,,3
b_bbar_4l_TuneCP5_13TeV-powheg-pythia8,TOP,3,85002.00,100,#N/A,#N/A,#N/A,#N/A,#N/A,1.0,1.0,1.0,1.0,0,71.2,#N/A,0.0,100.0,#N/A,0.0,32.2,#N/A,,28.8,#N/A,WWbb (tt+tW interference),,,3
ST_tWll_5f_LO_TuneCP5_PSweights_13TeV-madgraph-pythia8,TOP,3,#N/A,1.00,0.25,0.01103,0.01%,0.01103621421,90610.782,1.0,1.0,1.0,1.0,,0.7,1535.776,,1.0,1535.776,,0.3,1535.776,,0.3,1535.776,"tWZ, 3/4L ttZ, tZq differential, EFT of top-Z (not mentioned in the other page)",,,3
TTbb_4f_TTTo2l2nu_TuneCP5-Powheg-Openloops-Pythia8,HIG/TOP,3,#N/A,8,#N/A,#N/A,#N/A,#N/A,#N/A,1.0,1.0,1.0,1.0,0,5.5,#N/A,0.0,7.7,#N/A,0.0,2.5,#N/A,,2.2,#N/A,"ttbb l+jets, tttt_SL/tttt_OSDL,SL_ttZ/H_tobb",,,3
TTbb_4f_TTToSemiLeptonic_TuneCP5-Powheg-Openloops-Pythia8,HIG/TOP,3,#N/A,10,#N/A,#N/A,#N/A,#N/A,#N/A,1.0,1.0,1.0,1.0,0,7.1,#N/A,0.0,10.0,#N/A,0.0,3.2,#N/A,,2.9,#N/A,"ttbb l+jets, tttt_SL/tttt_OSDL,SL_ttZ/H_tobb",,,3
TTbb_4f_TTToHadronic_TuneCP5-Powheg-Openloops-Pythia8,HIG/TOP,3,#N/A,8,#N/A,#N/A,#N/A,#N/A,#N/A,1.0,1.0,1.0,1.0,0,5.5,#N/A,0.0,7.7,#N/A,0.0,2.5,#N/A,,2.2,#N/A,"ttbb l+jets, tttt_hadronic,SL_ttZ/H_tobb, ttbar_boosted_hadronic",,,3
TTZToLL_M-1to10_TuneCP5_13TeV-amcatnlo-pythia8,SUS/TOP,3,#N/A,1.00,0.25,0.05324,24.01%,0.1970100479,5075.883,1.0,1.0,1.0,1.0,,0.7,86.032,,1.0,86.032,,0.3,86.032,,0.3,86.032,,,,3
TTZToLLNuNu_M-10_TuneCP5_13TeV-amcatnlo-pythia8,EXO/TOP,3,#N/A,20.00,13.28,0.2432,26.44%,1.095365736,18258.742,1.0,1.0,1.0,1.0,,14.2,309.470,,20.0,309.470,,6.4,309.470,,5.8,309.470,"tWZ, 3/4L ttZ, tZq differential, EFT of top-Z (not mentioned in the other page)",,,3
TTZToNuNu_M-10_TuneCP5_13TeV-amcatnlo-pythia8,TOP,3,#N/A,6,#N/A,#N/A,#N/A,#N/A,#N/A,1.0,1.0,1.0,1.0,0,4.3,#N/A,0.0,6.0,#N/A,0.0,1.9,#N/A,,1.7,#N/A,,,,3
TTWJetsToLNu_TuneCP5_13TeV-amcatnloFXFX-madspin-pythia8,TOP,3,#N/A,10.00,4.91,0.2149,22.68%,0.7196052544,13896.508,1.0,1.0,1.0,1.0,,7.1,235.534,,10.0,235.534,,3.2,235.534,,2.9,235.534,"ttW differential, tttt_SL/tttt_OSDL, tWZ, 3/4L ttZ, tZq differential, EFT of top-Z (not mentioned in the other page)",,,3
ST_t-channel_top_5f_TuneCP5_13TeV-powheg-pythia8,TOP,3,#N/A,5.90,5.90,119.7,0.29%,121.1173492,48.743,1.0,1.0,1.0,1.0,,4.2,0.826,,5.9,0.826,,1.9,0.826,,1.7,0.826,,,,3
ST_t-channel_antitop_5f_TuneCP5_13TeV-powheg-pythia8,TOP,3,#N/A,3.96,3.96,#N/A,0.28%,#N/A,#N/A,1.0,1.0,1.0,1.0,,2.8,#N/A,,4.0,#N/A,,1.3,#N/A,,1.1,#N/A,,,,3
TT_TuneCH3_13TeV-powheg-herwig7,TOP,3,#N/A,250,#N/A,#N/A,#N/A,#N/A,#N/A,1.0,1.0,1.0,1.0,0,178.0,#N/A,0.0,250.0,#N/A,0.0,80.5,#N/A,,72.0,#N/A,"TOP PAG systematic samples - Needed for tt multi differential (ll channel), direct top mass, tt spin correlation, tW (incl+diff) , top mass from tt+jet, leptonic observable",,,3
/TTTo2L2Nu_TuneCP5CR1_13TeV-powheg-pythia8,TOP,n/a,#N/A,60,#N/A,#N/A,#N/A,#N/A,#N/A,1.0,1.0,1.0,1.0,0,42.7,#N/A,0.0,60.0,#N/A,0.0,19.3,#N/A,,17.3,#N/A,"TOP PAG systematic samples - Essential for tt multi differential (ll channel), direct top mass, tt spin correlation, tW (incl+diff) , top mass from tt+jet, leptonic observable, tttt_SL/tttt_OSDL ",,,n/a
/TTTo2L2Nu_TuneCP5CR2_13TeV-powheg-pythia8,TOP,n/a,#N/A,60,#N/A,#N/A,#N/A,#N/A,#N/A,1.0,1.0,1.0,1.0,0,42.7,#N/A,0.0,60.0,#N/A,0.0,19.3,#N/A,,17.3,#N/A,"TOP PAG systematic samples - Essential for tt multi differential (ll channel), direct top mass, tt spin correlation, tW (incl+diff) , top mass from tt+jet, leptonic observable, tttt_SL/tttt_OSDL ",,,n/a
/TTTo2L2Nu_TuneCP5_erdON_13TeV-powheg-pythia8,TOP,n/a,#N/A,60,#N/A,#N/A,#N/A,#N/A,#N/A,1.0,1.0,1.0,1.0,0,42.7,#N/A,0.0,60.0,#N/A,0.0,19.3,#N/A,,17.3,#N/A,"TOP PAG systematic samples - Essential for tt multi differential (ll channel), direct top mass, tt spin correlation, tW (incl+diff) , top mass from tt+jet, leptonic observable, tttt_SL/tttt_OSDL ",,,n/a
/TTTo2L2Nu_TuneCP5down_13TeV-powheg-pythia8,TOP,n/a,#N/A,60,#N/A,#N/A,#N/A,#N/A,#N/A,1.0,1.0,1.0,1.0,0,42.7,#N/A,0.0,60.0,#N/A,0.0,19.3,#N/A,,17.3,#N/A,"TOP PAG systematic samples - Essential for tt multi differential (ll channel), direct top mass, tt spin correlation, tW (incl+diff) , top mass from tt+jet, leptonic observable, tttt_SL/tttt_OSDL ",,,n/a
/TTTo2L2Nu_TuneCP5up_13TeV-powheg-pythia8,TOP,n/a,#N/A,60,#N/A,#N/A,#N/A,#N/A,#N/A,1.0,1.0,1.0,1.0,0,42.7,#N/A,0.0,60.0,#N/A,0.0,19.3,#N/A,,17.3,#N/A,"TOP PAG systematic samples - Essential for tt multi differential (ll channel), direct top mass, tt spin correlation, tW (incl+diff) , top mass from tt+jet, leptonic observable, tttt_SL/tttt_OSDL ",,,n/a
/TTTo2L2Nu_hdampDOWN_TuneCP5_13TeV-powheg-pythia8,TOP,n/a,#N/A,60,#N/A,#N/A,#N/A,#N/A,#N/A,1.0,1.0,1.0,1.0,0,42.7,#N/A,0.0,60.0,#N/A,0.0,19.3,#N/A,,17.3,#N/A,"TOP PAG systematic samples - Essential for tt multi differential (ll channel), direct top mass, tt spin correlation, tW (incl+diff) , top mass from tt+jet, leptonic observable, tttt_SL/tttt_OSDL ",,,n/a
/TTTo2L2Nu_hdampUP_TuneCP5_13TeV-powheg-pythia8,TOP,n/a,#N/A,60,#N/A,#N/A,#N/A,#N/A,#N/A,1.0,1.0,1.0,1.0,0,42.7,#N/A,0.0,60.0,#N/A,0.0,19.3,#N/A,,17.3,#N/A,"TOP PAG systematic samples - Essential for tt multi differential (ll channel), direct top mass, tt spin correlation, tW (incl+diff) , top mass from tt+jet, leptonic observable, tttt_SL/tttt_OSDL ",,,n/a
/TTTo2L2Nu_mtop166p5_TuneCP5_13TeV-powheg-pythia8,TOP,n/a,#N/A,60,#N/A,#N/A,#N/A,#N/A,#N/A,1.0,1.0,1.0,1.0,0,42.7,#N/A,0.0,60.0,#N/A,0.0,19.3,#N/A,,17.3,#N/A," TOP PAG systematic samples - Essential for tt multi differential (ll channel), direct top mass, tt spin correlation, tW (incl+diff) , top mass from tt+jet, leptonic observable",,,n/a
/TTTo2L2Nu_mtop169p5_TuneCP5_13TeV-powheg-pythia8,TOP,n/a,#N/A,60,#N/A,#N/A,#N/A,#N/A,#N/A,1.0,1.0,1.0,1.0,0,42.7,#N/A,0.0,60.0,#N/A,0.0,19.3,#N/A,,17.3,#N/A," TOP PAG systematic samples - Essential for tt multi differential (ll channel), direct top mass, tt spin correlation, tW (incl+diff) , top mass from tt+jet, leptonic observable",,,n/a
/TTTo2L2Nu_mtop171p5_TuneCP5_13TeV-powheg-pythia8,TOP,n/a,#N/A,60,#N/A,#N/A,#N/A,#N/A,#N/A,1.0,1.0,1.0,1.0,0,42.7,#N/A,0.0,60.0,#N/A,0.0,19.3,#N/A,,17.3,#N/A," TOP PAG systematic samples - Essential for tt multi differential (ll channel), direct top mass, tt spin correlation, tW (incl+diff) , top mass from tt+jet, leptonic observable",,,n/a
/TTTo2L2Nu_mtop173p5_TuneCP5_13TeV-powheg-pythia8,TOP,n/a,#N/A,60,#N/A,#N/A,#N/A,#N/A,#N/A,1.0,1.0,1.0,1.0,0,42.7,#N/A,0.0,60.0,#N/A,0.0,19.3,#N/A,,17.3,#N/A," TOP PAG systematic samples - Essential for tt multi differential (ll channel), direct top mass, tt spin correlation, tW (incl+diff) , top mass from tt+jet, leptonic observable",,,n/a
/TTTo2L2Nu_mtop175p5_TuneCP5_13TeV-powheg-pythia8,TOP,n/a,#N/A,60,#N/A,#N/A,#N/A,#N/A,#N/A,1.0,1.0,1.0,1.0,0,42.7,#N/A,0.0,60.0,#N/A,0.0,19.3,#N/A,,17.3,#N/A," TOP PAG systematic samples - Essential for tt multi differential (ll channel), direct top mass, tt spin correlation, tW (incl+diff) , top mass from tt+jet, leptonic observable",,,n/a
/TTTo2L2Nu_mtop178p5_TuneCP5_13TeV-powheg-pythia8,TOP,n/a,#N/A,60,#N/A,#N/A,#N/A,#N/A,#N/A,1.0,1.0,1.0,1.0,0,42.7,#N/A,0.0,60.0,#N/A,0.0,19.3,#N/A,,17.3,#N/A," TOP PAG systematic samples - Essential for tt multi differential (ll channel), direct top mass, tt spin correlation, tW (incl+diff) , top mass from tt+jet, leptonic observable",,,n/a
/TTTo2L2Nu_widthx0p7_TuneCP5_13TeV-powheg-pythia8,TOP,n/a,#N/A,60,#N/A,#N/A,#N/A,#N/A,#N/A,1.0,1.0,1.0,1.0,0,42.7,#N/A,0.0,60.0,#N/A,0.0,19.3,#N/A,,17.3,#N/A," TOP PAG systematic samples - Essential for direct top mass, tt spin correlation, tW (incl+diff) , top mass from tt+jet, leptonic observable",,,n/a
/TTTo2L2Nu_widthx0p85_TuneCP5_13TeV-powheg-pythia8,TOP,n/a,#N/A,60,#N/A,#N/A,#N/A,#N/A,#N/A,1.0,1.0,1.0,1.0,0,42.7,#N/A,0.0,60.0,#N/A,0.0,19.3,#N/A,,17.3,#N/A," TOP PAG systematic samples - Essential for direct top mass, tt spin correlation, tW (incl+diff) , top mass from tt+jet, leptonic observable",,,n/a
/TTTo2L2Nu_widthx1p15_TuneCP5_13TeV-powheg-pythia8,TOP,n/a,#N/A,60,#N/A,#N/A,#N/A,#N/A,#N/A,1.0,1.0,1.0,1.0,0,42.7,#N/A,0.0,60.0,#N/A,0.0,19.3,#N/A,,17.3,#N/A," TOP PAG systematic samples - Essential for direct top mass, tt spin correlation, tW (incl+diff) , top mass from tt+jet, leptonic observable",,,n/a
/TTTo2L2Nu_widthx1p3_TuneCP5_13TeV-powheg-pythia8,TOP,n/a,#N/A,60,#N/A,#N/A,#N/A,#N/A,#N/A,1.0,1.0,1.0,1.0,0,42.7,#N/A,0.0,60.0,#N/A,0.0,19.3,#N/A,,17.3,#N/A," TOP PAG systematic samples - Essential for direct top mass, tt spin correlation, tW (incl+diff) , top mass from tt+jet, leptonic observable",,,n/a
TTTo2L2Nu_CustomBdecays_TuneCP5_13TeV-powheg-pythia8,TOP,n/a,#N/A,0.22,#N/A,#N/A,#N/A,#N/A,#N/A,1.0,1.0,1.0,1.0,0,0.2,#N/A,0.0,0.2,#N/A,0.0,0.1,#N/A,,0.1,#N/A, TOP PAG systematic samples,,,n/a
/TTToHadronic_TuneCP5CR1_13TeV-powheg-pythia8,TOP,n/a,#N/A,140,#N/A,#N/A,#N/A,#N/A,#N/A,1.0,1.0,1.0,1.0,0,99.7,#N/A,0.0,140.0,#N/A,0.0,45.1,#N/A,,40.3,#N/A," TOP PAG systematic samples - Needed for tttt_fullyhadronic, ttbar_boosted_fullyhadronic, BNV in top decays (hadronic tag)",,,n/a
/TTToHadronic_TuneCP5CR2_13TeV-powheg-pythia8,TOP,n/a,#N/A,140,#N/A,#N/A,#N/A,#N/A,#N/A,1.0,1.0,1.0,1.0,0,99.7,#N/A,0.0,140.0,#N/A,0.0,45.1,#N/A,,40.3,#N/A," TOP PAG systematic samples - Needed for tttt_fullyhadronic, ttbar_boosted_fullyhadronic, BNV in top decays (hadronic tag)",,,n/a
/TTToHadronic_TuneCP5_erdON_13TeV-powheg-pythia8,TOP,n/a,#N/A,140,#N/A,#N/A,#N/A,#N/A,#N/A,1.0,1.0,1.0,1.0,0,99.7,#N/A,0.0,140.0,#N/A,0.0,45.1,#N/A,,40.3,#N/A," TOP PAG systematic samples - Needed for tttt_fullyhadronic, ttbar_boosted_fullyhadronic, BNV in top decays (hadronic tag)",,,n/a
/TTToHadronic_TuneCP5down_13TeV-powheg-pythia8,TOP,n/a,#N/A,140,#N/A,#N/A,#N/A,#N/A,#N/A,1.0,1.0,1.0,1.0,0,99.7,#N/A,0.0,140.0,#N/A,0.0,45.1,#N/A,,40.3,#N/A," TOP PAG systematic samples - Needed for tttt_fullyhadronic, ttbar_boosted_fullyhadronic, BNV in top decays (hadronic tag)",,,n/a
/TTToHadronic_TuneCP5up_13TeV-powheg-pythia8,TOP,n/a,#N/A,140,#N/A,#N/A,#N/A,#N/A,#N/A,1.0,1.0,1.0,1.0,0,99.7,#N/A,0.0,140.0,#N/A,0.0,45.1,#N/A,,40.3,#N/A," TOP PAG systematic samples - Needed for tttt_fullyhadronic, ttbar_boosted_fullyhadronic, BNV in top decays (hadronic tag)",,,n/a
/TTToHadronic_hdampDOWN_TuneCP5_13TeV-powheg-pythia8,TOP,n/a,#N/A,140,#N/A,#N/A,#N/A,#N/A,#N/A,1.0,1.0,1.0,1.0,0,99.7,#N/A,0.0,140.0,#N/A,0.0,45.1,#N/A,,40.3,#N/A," TOP PAG systematic samples - Needed for tttt_fullyhadronic, ttbar_boosted_fullyhadronic, BNV in top decays (hadronic tag)",,,n/a
/TTToHadronic_hdampUP_TuneCP5_13TeV-powheg-pythia8,TOP,n/a,#N/A,140,#N/A,#N/A,#N/A,#N/A,#N/A,1.0,1.0,1.0,1.0,0,99.7,#N/A,0.0,140.0,#N/A,0.0,45.1,#N/A,,40.3,#N/A," TOP PAG systematic samples - Needed for tttt_fullyhadronic, ttbar_boosted_fullyhadronic, BNV in top decays (hadronic tag)",,,n/a
/TTToHadronic_mtop166p5_TuneCP5_13TeV-powheg-pythia8,TOP,n/a,#N/A,140,#N/A,#N/A,#N/A,#N/A,#N/A,1.0,1.0,1.0,1.0,0,99.7,#N/A,0.0,140.0,#N/A,0.0,45.1,#N/A,,40.3,#N/A, TOP PAG systematic samples - Needed for ttbar_boosted_fullyhadronic,,,n/a
/TTToHadronic_mtop169p5_TuneCP5_13TeV-powheg-pythia8,TOP,n/a,#N/A,140,#N/A,#N/A,#N/A,#N/A,#N/A,1.0,1.0,1.0,1.0,0,99.7,#N/A,0.0,140.0,#N/A,0.0,45.1,#N/A,,40.3,#N/A, TOP PAG systematic samples - Needed for ttbar_boosted_fullyhadronic,,,n/a
/TTToHadronic_mtop171p5_TuneCP5_13TeV-powheg-pythia8,TOP,n/a,#N/A,140,#N/A,#N/A,#N/A,#N/A,#N/A,1.0,1.0,1.0,1.0,0,99.7,#N/A,0.0,140.0,#N/A,0.0,45.1,#N/A,,40.3,#N/A, TOP PAG systematic samples - Needed for ttbar_boosted_fullyhadronic,,,n/a
/TTToHadronic_mtop173p5_TuneCP5_13TeV-powheg-pythia8,TOP,n/a,#N/A,140,#N/A,#N/A,#N/A,#N/A,#N/A,1.0,1.0,1.0,1.0,0,99.7,#N/A,0.0,140.0,#N/A,0.0,45.1,#N/A,,40.3,#N/A, TOP PAG systematic samples - Needed for ttbar_boosted_fullyhadronic,,,n/a
/TTToHadronic_mtop175p5_TuneCP5_13TeV-powheg-pythia8,TOP,n/a,#N/A,140,#N/A,#N/A,#N/A,#N/A,#N/A,1.0,1.0,1.0,1.0,0,99.7,#N/A,0.0,140.0,#N/A,0.0,45.1,#N/A,,40.3,#N/A, TOP PAG systematic samples - Needed for ttbar_boosted_fullyhadronic,,,n/a
/TTToHadronic_mtop178p5_TuneCP5_13TeV-powheg-pythia8,TOP,n/a,#N/A,140,#N/A,#N/A,#N/A,#N/A,#N/A,1.0,1.0,1.0,1.0,0,99.7,#N/A,0.0,140.0,#N/A,0.0,45.1,#N/A,,40.3,#N/A, TOP PAG systematic samples - Needed for ttbar_boosted_fullyhadronic,,,n/a
/TTToSemiLeptonic_TuneCP5CR1_13TeV-powheg-pythia8,TOP,n/a,#N/A,200,#N/A,356,0.00%,356,561.798,1.0,1.0,1.0,1.0,0,142.4,9.522,0.0,200.0,9.522,0.0,64.4,9.522,,57.6,9.522," TOP PAG systematic samples - Essential for direct top mass, leptonic observable, ttbb (l+jets), single top s channel",,,n/a
/TTToSemiLeptonic_TuneCP5CR2_13TeV-powheg-pythia8,TOP,n/a,#N/A,200,#N/A,356,0.00%,356,561.798,1.0,1.0,1.0,1.0,0,142.4,9.522,0.0,200.0,9.522,0.0,64.4,9.522,,57.6,9.522," TOP PAG systematic samples - Essential for direct top mass, leptonic observable, ttbb (l+jets), single top s channel",,,n/a
/TTToSemiLeptonic_TuneCP5_erdON_13TeV-powheg-pythia8,TOP,n/a,#N/A,200,#N/A,356,0.00%,356,561.798,1.0,1.0,1.0,1.0,0,142.4,9.522,0.0,200.0,9.522,0.0,64.4,9.522,,57.6,9.522," TOP PAG systematic samples - Essential for direct top mass, leptonic observable, ttbb (l+jets), single top s channel",,,n/a
/TTToSemiLeptonic_TuneCP5down_13TeV-powheg-pythia8,TOP,n/a,#N/A,200,#N/A,356,0.00%,356,561.798,1.0,1.0,1.0,1.0,0,142.4,9.522,0.0,200.0,9.522,0.0,64.4,9.522,,57.6,9.522," TOP PAG systematic samples - Essential for direct top mass, leptonic observable, ttbb (l+jets), single top s channel",,,n/a
/TTToSemiLeptonic_TuneCP5up_13TeV-powheg-pythia8,TOP,n/a,#N/A,200,#N/A,356,0.00%,356,561.798,1.0,1.0,1.0,1.0,0,142.4,9.522,0.0,200.0,9.522,0.0,64.4,9.522,,57.6,9.522," TOP PAG systematic samples - Essential for direct top mass, leptonic observable, ttbb (l+jets), single top s channel",,,n/a
/TTToSemiLeptonic_hdampDOWN_TuneCP5_13TeV-powheg-pythia8,TOP,n/a,#N/A,200,#N/A,356,0.00%,356,561.798,1.0,1.0,1.0,1.0,0,142.4,9.522,0.0,200.0,9.522,0.0,64.4,9.522,,57.6,9.522," TOP PAG systematic samples - Essential for direct top mass, leptonic observable, ttbb (l+jets), single top s channel",,,n/a
/TTToSemiLeptonic_hdampUP_TuneCP5_13TeV-powheg-pythia8,TOP,n/a,#N/A,200,#N/A,356,0.00%,356,561.798,1.0,1.0,1.0,1.0,0,142.4,9.522,0.0,200.0,9.522,0.0,64.4,9.522,,57.6,9.522," TOP PAG systematic samples - Essential for direct top mass, leptonic observable, ttbb (l+jets), single top s channel",,,n/a
/TTToSemiLeptonic_mtop166p5_TuneCP5_13TeV-powheg-pythia8,TOP,n/a,#N/A,200,#N/A,356,0.00%,356,561.798,1.0,1.0,1.0,1.0,0,142.4,9.522,0.0,200.0,9.522,0.0,64.4,9.522,,57.6,9.522," TOP PAG systematic samples - Essential for direct top mass, leptonic observable, ttbb (l+jets)",,,n/a
/TTToSemiLeptonic_mtop169p5_TuneCP5_13TeV-powheg-pythia8,TOP,n/a,#N/A,200,#N/A,356,0.00%,356,561.798,1.0,1.0,1.0,1.0,0,142.4,9.522,0.0,200.0,9.522,0.0,64.4,9.522,,57.6,9.522," TOP PAG systematic samples - Essential for direct top mass, leptonic observable, ttbb (l+jets)",,,n/a
/TTToSemiLeptonic_mtop171p5_TuneCP5_13TeV-powheg-pythia8,TOP,n/a,#N/A,200,#N/A,356,0.00%,356,561.798,1.0,1.0,1.0,1.0,0,142.4,9.522,0.0,200.0,9.522,0.0,64.4,9.522,,57.6,9.522," TOP PAG systematic samples - Essential for direct top mass, leptonic observable, ttbb (l+jets)",,,n/a
/TTToSemiLeptonic_mtop173p5_TuneCP5_13TeV-powheg-pythia8,TOP,n/a,#N/A,200,#N/A,356,0.00%,356,561.798,1.0,1.0,1.0,1.0,0,142.4,9.522,0.0,200.0,9.522,0.0,64.4,9.522,,57.6,9.522," TOP PAG systematic samples - Essential for direct top mass, leptonic observable, ttbb (l+jets)",,,n/a
/TTToSemiLeptonic_mtop175p5_TuneCP5_13TeV-powheg-pythia8,TOP,n/a,#N/A,200,#N/A,356,0.00%,356,561.798,1.0,1.0,1.0,1.0,0,142.4,9.522,0.0,200.0,9.522,0.0,64.4,9.522,,57.6,9.522," TOP PAG systematic samples - Essential for direct top mass, leptonic observable, ttbb (l+jets)",,,n/a
/TTToSemiLeptonic_mtop178p5_TuneCP5_13TeV-powheg-pythia8,TOP,n/a,#N/A,200,#N/A,356,0.00%,356,561.798,1.0,1.0,1.0,1.0,0,142.4,9.522,0.0,200.0,9.522,0.0,64.4,9.522,,57.6,9.522," TOP PAG systematic samples - Essential for direct top mass, leptonic observable, ttbb (l+jets)",,,n/a
/TTTo2L2Nu_HT500Njet7_TuneCP5down_13TeV-powheg-pythia8,TOP,n/a,#N/A,4,#N/A,#N/A,#N/A,#N/A,#N/A,1.0,1.0,1.0,1.0,0,2.8,#N/A,0.0,4.0,#N/A,0.0,1.3,#N/A,,1.2,#N/A, TOP PAG systematic samples - Needed for tttt_SL/tttt_OSDL,,,n/a
/TTTo2L2Nu_HT500Njet7_TuneCP5up_13TeV-powheg-pythia8,TOP,n/a,#N/A,4,#N/A,#N/A,#N/A,#N/A,#N/A,1.0,1.0,1.0,1.0,0,2.8,#N/A,0.0,4.0,#N/A,0.0,1.3,#N/A,,1.2,#N/A, TOP PAG systematic samples - Needed for tttt_SL/tttt_OSDL,,,n/a
/TTTo2L2Nu_HT500Njet7_hdampDOWN_TuneCP5_13TeV-powheg-pythia8,TOP,n/a,#N/A,4,#N/A,#N/A,#N/A,#N/A,#N/A,1.0,1.0,1.0,1.0,0,2.8,#N/A,0.0,4.0,#N/A,0.0,1.3,#N/A,,1.2,#N/A, TOP PAG systematic samples - Needed for tttt_SL/tttt_OSDL,,,n/a
/TTTo2L2Nu_HT500Njet7_hdampUP_TuneCP5_13TeV-powheg-pythia8,TOP,n/a,#N/A,4,#N/A,#N/A,#N/A,#N/A,#N/A,1.0,1.0,1.0,1.0,0,2.8,#N/A,0.0,4.0,#N/A,0.0,1.3,#N/A,,1.2,#N/A, TOP PAG systematic samples - Needed for tttt_SL/tttt_OSDL,,,n/a
/TTToSemiLepton_HT500Njet9_TuneCP5down_13TeV-powheg-pythia8,TOP,n/a,#N/A,4,#N/A,#N/A,#N/A,#N/A,#N/A,1.0,1.0,1.0,1.0,0,2.8,#N/A,0.0,4.0,#N/A,0.0,1.3,#N/A,,1.2,#N/A, TOP PAG systematic samples - Needed for tttt_SL/tttt_OSDL,,,n/a
/TTToSemiLepton_HT500Njet9_TuneCP5up_13TeV-powheg-pythia8,TOP,n/a,#N/A,4,#N/A,#N/A,#N/A,#N/A,#N/A,1.0,1.0,1.0,1.0,0,2.8,#N/A,0.0,4.0,#N/A,0.0,1.3,#N/A,,1.2,#N/A, TOP PAG systematic samples - Needed for tttt_SL/tttt_OSDL,,,n/a
/TTToSemiLepton_HT500Njet9_hdampDOWN_TuneCP5_13TeV-powheg-pythia8,TOP,n/a,#N/A,4,#N/A,#N/A,#N/A,#N/A,#N/A,1.0,1.0,1.0,1.0,0,2.8,#N/A,0.0,4.0,#N/A,0.0,1.3,#N/A,,1.2,#N/A, TOP PAG systematic samples - Needed for tttt_SL/tttt_OSDL,,,n/a
/TTToSemiLepton_HT500Njet9_hdampUP_TuneCP5_13TeV-powheg-pythia8,TOP,n/a,#N/A,4,#N/A,#N/A,#N/A,#N/A,#N/A,1.0,1.0,1.0,1.0,0,2.8,#N/A,0.0,4.0,#N/A,0.0,1.3,#N/A,,1.2,#N/A, TOP PAG systematic samples - Needed for tttt_SL/tttt_OSDL,,,n/a
TTWJetsToLNu_TuneCP5CR1_QCDbased_13TeV-amcatnloFXFX-madspin-pythia8,TOP,n/a,#N/A,4,#N/A,#N/A,#N/A,#N/A,#N/A,1.0,1.0,1.0,1.0,0,2.8,#N/A,0.0,4.0,#N/A,0.0,1.3,#N/A,,1.2,#N/A, TOP PAG systematic samples - Essential for ttW differential,,,n/a
TTWJetsToLNu_TuneCP5CR1_QCDbased_13TeV-amcatnloFXFX-madspin-pythia8,TOP,n/a,#N/A,4,#N/A,#N/A,#N/A,#N/A,#N/A,1.0,1.0,1.0,1.0,0,2.8,#N/A,0.0,4.0,#N/A,0.0,1.3,#N/A,,1.2,#N/A, TOP PAG systematic samples - Essential for ttW differential,,,n/a
TTWJetsToLNu_TuneCP5CR2_GluonMove_13TeV-amcatnloFXFX-madspin-pythia8,TOP,n/a,#N/A,4,#N/A,#N/A,#N/A,#N/A,#N/A,1.0,1.0,1.0,1.0,0,2.8,#N/A,0.0,4.0,#N/A,0.0,1.3,#N/A,,1.2,#N/A, TOP PAG systematic samples - Essential for ttW differential,,,n/a
TTWJetsToLNu_TuneCP5CR2_GluonMove_13TeV-amcatnloFXFX-madspin-pythia8,TOP,n/a,#N/A,4,#N/A,#N/A,#N/A,#N/A,#N/A,1.0,1.0,1.0,1.0,0,2.8,#N/A,0.0,4.0,#N/A,0.0,1.3,#N/A,,1.2,#N/A, TOP PAG systematic samples - Essential for ttW differential,,,n/a
TTZToLLNuNu_M-10_TuneCP5CR1_QCDbased_13TeV-amcatnlo-pythia8,TOP,n/a,#N/A,8,#N/A,#N/A,#N/A,#N/A,#N/A,1.0,1.0,1.0,1.0,0,5.7,#N/A,0.0,8.0,#N/A,0.0,2.6,#N/A,,2.3,#N/A," TOP PAG systematic samples -Essential for tWZ, 3/4L ttZ, tZq differential, EFT of top-Z (not mentioned in the other page)",,,n/a
TTZToLLNuNu_M-10_TuneCP5CR2_GluonMove_13TeV-amcatnlo-pythia8,TOP,n/a,#N/A,8,#N/A,#N/A,#N/A,#N/A,#N/A,1.0,1.0,1.0,1.0,0,5.7,#N/A,0.0,8.0,#N/A,0.0,2.6,#N/A,,2.3,#N/A," TOP PAG systematic samples -Essential for tWZ, 3/4L ttZ, tZq differential, EFT of top-Z (not mentioned in the other page)",,,n/a
TTZToLLNuNu_M-10_TuneCP5down_13TeV-amcatnlo-pythia8,TOP,n/a,#N/A,8,#N/A,#N/A,#N/A,#N/A,#N/A,1.0,1.0,1.0,1.0,0,5.7,#N/A,0.0,8.0,#N/A,0.0,2.6,#N/A,,2.3,#N/A," TOP PAG systematic samples -Essential for tWZ, 3/4L ttZ, tZq differential, EFT of top-Z (not mentioned in the other page)",,,n/a
TTZToLLNuNu_M-10_TuneCP5up_13TeV-amcatnlo-pythia8,TOP,n/a,#N/A,8,#N/A,#N/A,#N/A,#N/A,#N/A,1.0,1.0,1.0,1.0,0,5.7,#N/A,0.0,8.0,#N/A,0.0,2.6,#N/A,,2.3,#N/A," TOP PAG systematic samples -Essential for tWZ, 3/4L ttZ, tZq differential, EFT of top-Z (not mentioned in the other page)",,,n/a
/ST_t-channel_antitop_4f_InclusiveDecays_TuneCP5CR1_13TeV-powheg-madspin-pythia8,TOP,n/a,#N/A,40,#N/A,#N/A,#N/A,#N/A,#N/A,1.0,1.0,1.0,1.0,0,28.5,#N/A,0.0,40.0,#N/A,0.0,12.9,#N/A,,11.5,#N/A," TOP PAG systematic samples -Essential for  leptonic observables, direct top mass, t-channel , polarization and anomalous couplings (not mentioned in the other page), single top s channel,",,,n/a
/ST_t-channel_antitop_4f_InclusiveDecays_TuneCP5CR2_13TeV-powheg-madspin-pythia8,TOP,n/a,#N/A,40,#N/A,#N/A,#N/A,#N/A,#N/A,1.0,1.0,1.0,1.0,0,28.5,#N/A,0.0,40.0,#N/A,0.0,12.9,#N/A,,11.5,#N/A," TOP PAG systematic samples -Essential for  leptonic observables, direct top mass, t-channel , polarization and anomalous couplings (not mentioned in the other page), single top s channel,",,,n/a
/ST_t-channel_antitop_4f_InclusiveDecays_TuneCP5_erdON_13TeV-powheg-madspin-pythia8,TOP,n/a,#N/A,40,#N/A,#N/A,#N/A,#N/A,#N/A,1.0,1.0,1.0,1.0,0,28.5,#N/A,0.0,40.0,#N/A,0.0,12.9,#N/A,,11.5,#N/A," TOP PAG systematic samples -Essential for  leptonic observables, direct top mass, t-channel , polarization and anomalous couplings (not mentioned in the other page), single top s channel,",,,n/a
/ST_t-channel_antitop_4f_InclusiveDecays_TuneCP5down_13TeV-powheg-madspin-pythia8,TOP,n/a,#N/A,40,#N/A,#N/A,#N/A,#N/A,#N/A,1.0,1.0,1.0,1.0,0,28.5,#N/A,0.0,40.0,#N/A,0.0,12.9,#N/A,,11.5,#N/A," TOP PAG systematic samples -Essential for  leptonic observables, direct top mass, t-channel , polarization and anomalous couplings (not mentioned in the other page), single top s channel,",,,n/a
/ST_t-channel_antitop_4f_InclusiveDecays_TuneCP5up_13TeV-powheg-madspin-pythia8,TOP,n/a,#N/A,40,#N/A,#N/A,#N/A,#N/A,#N/A,1.0,1.0,1.0,1.0,0,28.5,#N/A,0.0,40.0,#N/A,0.0,12.9,#N/A,,11.5,#N/A," TOP PAG systematic samples -Essential for  leptonic observables, direct top mass, t-channel , polarization and anomalous couplings (not mentioned in the other page), single top s channel,",,,n/a
/ST_t-channel_antitop_4f_InclusiveDecays_mtop1695_TuneCP5_13TeV-powheg-madspin-pythia8,TOP,n/a,#N/A,40,#N/A,#N/A,#N/A,#N/A,#N/A,1.0,1.0,1.0,1.0,0,28.5,#N/A,0.0,40.0,#N/A,0.0,12.9,#N/A,,11.5,#N/A," TOP PAG systematic samples -Essential for  leptonic observables, direct top mass, t-channel , polarization and anomalous couplings (not mentioned in the other page), single top s channel,",,,n/a
/ST_t-channel_antitop_4f_InclusiveDecays_mtop1715_TuneCP5_13TeV-powheg-madspin-pythia8,TOP,n/a,#N/A,40,#N/A,#N/A,#N/A,#N/A,#N/A,1.0,1.0,1.0,1.0,0,28.5,#N/A,0.0,40.0,#N/A,0.0,12.9,#N/A,,11.5,#N/A," TOP PAG systematic samples -Essential for  leptonic observables, direct top mass, t-channel , polarization and anomalous couplings (not mentioned in the other page), single top s channel,",,,n/a
/ST_t-channel_antitop_4f_InclusiveDecays_mtop1735_TuneCP5_13TeV-powheg-madspin-pythia8,TOP,n/a,#N/A,40,#N/A,#N/A,#N/A,#N/A,#N/A,1.0,1.0,1.0,1.0,0,28.5,#N/A,0.0,40.0,#N/A,0.0,12.9,#N/A,,11.5,#N/A," TOP PAG systematic samples -Essential for  leptonic observables, direct top mass, t-channel , polarization and anomalous couplings (not mentioned in the other page), single top s channel,",,,n/a
/ST_t-channel_antitop_4f_InclusiveDecays_mtop1755_TuneCP5_13TeV-powheg-madspin-pythia8,TOP,n/a,#N/A,40,#N/A,#N/A,#N/A,#N/A,#N/A,1.0,1.0,1.0,1.0,0,28.5,#N/A,0.0,40.0,#N/A,0.0,12.9,#N/A,,11.5,#N/A," TOP PAG systematic samples -Essential for  leptonic observables, direct top mass, t-channel , polarization and anomalous couplings (not mentioned in the other page), single top s channel,",,,n/a
/ST_t-channel_antitop_4f_InclusiveDecays_wtop0p7_TuneCP5_13TeV-powheg-madspin-pythia8,TOP,n/a,#N/A,40,#N/A,#N/A,#N/A,#N/A,#N/A,1.0,1.0,1.0,1.0,0,28.5,#N/A,0.0,40.0,#N/A,0.0,12.9,#N/A,,11.5,#N/A," TOP PAG systematic samples -Essential for  leptonic observables, direct top mass, t-channel , polarization and anomalous couplings (not mentioned in the other page), single top s channel,",,,n/a
/ST_t-channel_antitop_4f_InclusiveDecays_wtop0p85_TuneCP5_13TeV-powheg-madspin-pythia8,TOP,n/a,#N/A,40,#N/A,#N/A,#N/A,#N/A,#N/A,1.0,1.0,1.0,1.0,0,28.5,#N/A,0.0,40.0,#N/A,0.0,12.9,#N/A,,11.5,#N/A," TOP PAG systematic samples -Essential for  leptonic observables, direct top mass, t-channel , polarization and anomalous couplings (not mentioned in the other page), single top s channel,",,,n/a
/ST_t-channel_antitop_4f_InclusiveDecays_wtop1p15_TuneCP5_13TeV-powheg-madspin-pythia8,TOP,n/a,#N/A,40,#N/A,#N/A,#N/A,#N/A,#N/A,1.0,1.0,1.0,1.0,0,28.5,#N/A,0.0,40.0,#N/A,0.0,12.9,#N/A,,11.5,#N/A," TOP PAG systematic samples -Essential for  leptonic observables, direct top mass, t-channel , polarization and anomalous couplings (not mentioned in the other page), single top s channel,",,,n/a
/ST_t-channel_antitop_4f_InclusiveDecays_wtop1p3_TuneCP5_13TeV-powheg-madspin-pythia8,TOP,n/a,#N/A,40,#N/A,#N/A,#N/A,#N/A,#N/A,1.0,1.0,1.0,1.0,0,28.5,#N/A,0.0,40.0,#N/A,0.0,12.9,#N/A,,11.5,#N/A," TOP PAG systematic samples -Essential for  leptonic observables, direct top mass, t-channel , polarization and anomalous couplings (not mentioned in the other page), single top s channel,",,,n/a
/ST_t-channel_antitop_4f_hdampdown_InclusiveDecays_TuneCP5_13TeV-powheg-madspin-pythia8,TOP,n/a,#N/A,40,#N/A,#N/A,#N/A,#N/A,#N/A,1.0,1.0,1.0,1.0,0,28.5,#N/A,0.0,40.0,#N/A,0.0,12.9,#N/A,,11.5,#N/A," TOP PAG systematic samples -Essential for  leptonic observables, direct top mass, t-channel , polarization and anomalous couplings (not mentioned in the other page), single top s channel,",,,n/a
/ST_t-channel_antitop_4f_hdampup_InclusiveDecays_TuneCP5_13TeV-powheg-madspin-pythia8,TOP,n/a,#N/A,40,#N/A,#N/A,#N/A,#N/A,#N/A,1.0,1.0,1.0,1.0,0,28.5,#N/A,0.0,40.0,#N/A,0.0,12.9,#N/A,,11.5,#N/A," TOP PAG systematic samples -Essential for  leptonic observables, direct top mass, t-channel , polarization and anomalous couplings (not mentioned in the other page), single top s channel,",,,n/a
/ST_t-channel_antitop_5f_InclusiveDecays_TuneCP5_13TeV-powheg-pythia8,TOP,n/a,#N/A,40,#N/A,#N/A,#N/A,#N/A,#N/A,1.0,1.0,1.0,1.0,0,28.5,#N/A,0.0,40.0,#N/A,0.0,12.9,#N/A,,11.5,#N/A," TOP PAG systematic samples -Essential for  leptonic observables, direct top mass, t-channel , polarization and anomalous couplings (not mentioned in the other page), single top s channel,",,,n/a
/ST_t-channel_top_4f_InclusiveDecays_TuneCP5CR1_13TeV-powheg-madspin-pythia8,TOP,n/a,#N/A,80,#N/A,#N/A,#N/A,#N/A,#N/A,1.0,1.0,1.0,1.0,0,56.9,#N/A,0.0,80.0,#N/A,0.0,25.8,#N/A,,23.1,#N/A," TOP PAG systematic samples -Essential for  leptonic observables, direct top mass, t-channel , polarization and anomalous couplings (not mentioned in the other page), single top s channel,",,,n/a
/ST_t-channel_top_4f_InclusiveDecays_TuneCP5CR2_13TeV-powheg-madspin-pythia8,TOP,n/a,#N/A,80,#N/A,#N/A,#N/A,#N/A,#N/A,1.0,1.0,1.0,1.0,0,56.9,#N/A,0.0,80.0,#N/A,0.0,25.8,#N/A,,23.1,#N/A," TOP PAG systematic samples -Essential for  leptonic observables, direct top mass, t-channel , polarization and anomalous couplings (not mentioned in the other page), single top s channel,",,,n/a
/ST_t-channel_top_4f_InclusiveDecays_TuneCP5_erdON_13TeV-powheg-madspin-pythia8,TOP,n/a,#N/A,80,#N/A,#N/A,#N/A,#N/A,#N/A,1.0,1.0,1.0,1.0,0,56.9,#N/A,0.0,80.0,#N/A,0.0,25.8,#N/A,,23.1,#N/A," TOP PAG systematic samples -Essential for  leptonic observables, direct top mass, t-channel , polarization and anomalous couplings (not mentioned in the other page), single top s channel,",,,n/a
/ST_t-channel_top_4f_InclusiveDecays_TuneCP5down_13TeV-powheg-madspin-pythia8,TOP,n/a,#N/A,80,#N/A,#N/A,#N/A,#N/A,#N/A,1.0,1.0,1.0,1.0,0,56.9,#N/A,0.0,80.0,#N/A,0.0,25.8,#N/A,,23.1,#N/A," TOP PAG systematic samples -Essential for  leptonic observables, direct top mass, t-channel , polarization and anomalous couplings (not mentioned in the other page), single top s channel,",,,n/a
/ST_t-channel_top_4f_InclusiveDecays_TuneCP5up_13TeV-powheg-madspin-pythia8,TOP,n/a,#N/A,80,#N/A,#N/A,#N/A,#N/A,#N/A,1.0,1.0,1.0,1.0,0,56.9,#N/A,0.0,80.0,#N/A,0.0,25.8,#N/A,,23.1,#N/A," TOP PAG systematic samples -Essential for  leptonic observables, direct top mass, t-channel , polarization and anomalous couplings (not mentioned in the other page), single top s channel,",,,n/a
/ST_t-channel_top_4f_InclusiveDecays_mtop1695_TuneCP5_13TeV-powheg-madspin-pythia8,TOP,n/a,#N/A,80,#N/A,#N/A,#N/A,#N/A,#N/A,1.0,1.0,1.0,1.0,0,56.9,#N/A,0.0,80.0,#N/A,0.0,25.8,#N/A,,23.1,#N/A," TOP PAG systematic samples -Essential for  leptonic observables, direct top mass, t-channel , polarization and anomalous couplings (not mentioned in the other page), single top s channel,",,,n/a
/ST_t-channel_top_4f_InclusiveDecays_mtop1715_TuneCP5_13TeV-powheg-madspin-pythia8,TOP,n/a,#N/A,80,#N/A,#N/A,#N/A,#N/A,#N/A,1.0,1.0,1.0,1.0,0,56.9,#N/A,0.0,80.0,#N/A,0.0,25.8,#N/A,,23.1,#N/A," TOP PAG systematic samples -Essential for  leptonic observables, direct top mass, t-channel , polarization and anomalous couplings (not mentioned in the other page), single top s channel,",,,n/a
/ST_t-channel_top_4f_InclusiveDecays_mtop1735_TuneCP5_13TeV-powheg-madspin-pythia8,TOP,n/a,#N/A,80,#N/A,#N/A,#N/A,#N/A,#N/A,1.0,1.0,1.0,1.0,0,56.9,#N/A,0.0,80.0,#N/A,0.0,25.8,#N/A,,23.1,#N/A," TOP PAG systematic samples -Essential for  leptonic observables, direct top mass, t-channel , polarization and anomalous couplings (not mentioned in the other page), single top s channel,",,,n/a
/ST_t-channel_top_4f_InclusiveDecays_mtop1755_TuneCP5_13TeV-powheg-madspin-pythia8,TOP,n/a,#N/A,80,#N/A,#N/A,#N/A,#N/A,#N/A,1.0,1.0,1.0,1.0,0,56.9,#N/A,0.0,80.0,#N/A,0.0,25.8,#N/A,,23.1,#N/A," TOP PAG systematic samples -Essential for  leptonic observables, direct top mass, t-channel , polarization and anomalous couplings (not mentioned in the other page), single top s channel,",,,n/a
/ST_t-channel_top_4f_InclusiveDecays_wtop0p7_TuneCP5_13TeV-powheg-madspin-pythia8,TOP,n/a,#N/A,80,#N/A,#N/A,#N/A,#N/A,#N/A,1.0,1.0,1.0,1.0,0,56.9,#N/A,0.0,80.0,#N/A,0.0,25.8,#N/A,,23.1,#N/A," TOP PAG systematic samples -Essential for  leptonic observables, direct top mass, t-channel , polarization and anomalous couplings (not mentioned in the other page), single top s channel,",,,n/a
/ST_t-channel_top_4f_InclusiveDecays_wtop0p85_TuneCP5_13TeV-powheg-madspin-pythia8,TOP,n/a,#N/A,80,#N/A,#N/A,#N/A,#N/A,#N/A,1.0,1.0,1.0,1.0,0,56.9,#N/A,0.0,80.0,#N/A,0.0,25.8,#N/A,,23.1,#N/A," TOP PAG systematic samples -Essential for  leptonic observables, direct top mass, t-channel , polarization and anomalous couplings (not mentioned in the other page), single top s channel,",,,n/a
/ST_t-channel_top_4f_InclusiveDecays_wtop1p15_TuneCP5_13TeV-powheg-madspin-pythia8,TOP,n/a,#N/A,80,#N/A,#N/A,#N/A,#N/A,#N/A,1.0,1.0,1.0,1.0,0,56.9,#N/A,0.0,80.0,#N/A,0.0,25.8,#N/A,,23.1,#N/A," TOP PAG systematic samples -Essential for  leptonic observables, direct top mass, t-channel , polarization and anomalous couplings (not mentioned in the other page), single top s channel,",,,n/a
/ST_t-channel_top_4f_InclusiveDecays_wtop1p3_TuneCP5_13TeV-powheg-madspin-pythia8,TOP,n/a,#N/A,80,#N/A,#N/A,#N/A,#N/A,#N/A,1.0,1.0,1.0,1.0,0,56.9,#N/A,0.0,80.0,#N/A,0.0,25.8,#N/A,,23.1,#N/A," TOP PAG systematic samples -Essential for  leptonic observables, direct top mass, t-channel , polarization and anomalous couplings (not mentioned in the other page), single top s channel,",,,n/a
/ST_t-channel_top_4f_hdampdown_InclusiveDecays_TuneCP5_13TeV-powheg-madspin-pythia8,TOP,n/a,#N/A,80,#N/A,#N/A,#N/A,#N/A,#N/A,1.0,1.0,1.0,1.0,0,56.9,#N/A,0.0,80.0,#N/A,0.0,25.8,#N/A,,23.1,#N/A," TOP PAG systematic samples -Essential for  leptonic observables, direct top mass, t-channel , polarization and anomalous couplings (not mentioned in the other page), single top s channel,",,,n/a
/ST_t-channel_top_4f_hdampup_InclusiveDecays_TuneCP5_13TeV-powheg-madspin-pythia8,TOP,n/a,#N/A,80,#N/A,#N/A,#N/A,#N/A,#N/A,1.0,1.0,1.0,1.0,0,56.9,#N/A,0.0,80.0,#N/A,0.0,25.8,#N/A,,23.1,#N/A," TOP PAG systematic samples -Essential for  leptonic observables, direct top mass, t-channel , polarization and anomalous couplings (not mentioned in the other page), single top s channel,",,,n/a
/ST_t-channel_top_5f_InclusiveDecays_TuneCP5_13TeV-powheg-pythia8,TOP,n/a,#N/A,80,#N/A,#N/A,#N/A,#N/A,#N/A,1.0,1.0,1.0,1.0,0,56.9,#N/A,0.0,80.0,#N/A,0.0,25.8,#N/A,,23.1,#N/A," TOP PAG systematic samples -Essential for  leptonic observables, direct top mass, t-channel , polarization and anomalous couplings (not mentioned in the other page), single top s channel,",,,n/a
/ST_tW_antitop_5f_DS_NoFullyHadronicDecays_TuneCP5_13TeV-powheg-pythia8,TOP,n/a,#N/A,4,#N/A,#N/A,#N/A,#N/A,#N/A,1.0,1.0,1.0,1.0,0,2.8,#N/A,0.0,4.0,#N/A,0.0,1.3,#N/A,,1.2,#N/A," TOP PAG systematic samples - Essential for tt multi differential (ll channel), direct top mass, tt spin correlation, tW (incl+diff) , top mass from tt+jet, leptonic observable, tttt_SL/tttt_OSDL ",,,n/a
/ST_tW_antitop_5f_NoFullyHadronicDecays_TuneCP5CR1_13TeV-powheg-pythia8,TOP,n/a,#N/A,4,#N/A,#N/A,#N/A,#N/A,#N/A,1.0,1.0,1.0,1.0,0,2.8,#N/A,0.0,4.0,#N/A,0.0,1.3,#N/A,,1.2,#N/A," TOP PAG systematic samples - Essential for tt multi differential (ll channel), direct top mass, tt spin correlation, tW (incl+diff) , top mass from tt+jet, leptonic observable, tttt_SL/tttt_OSDL ",,,n/a
/ST_tW_antitop_5f_NoFullyHadronicDecays_TuneCP5CR2_13TeV-powheg-pythia8,TOP,n/a,#N/A,4,#N/A,#N/A,#N/A,#N/A,#N/A,1.0,1.0,1.0,1.0,0,2.8,#N/A,0.0,4.0,#N/A,0.0,1.3,#N/A,,1.2,#N/A," TOP PAG systematic samples - Essential for tt multi differential (ll channel), direct top mass, tt spin correlation, tW (incl+diff) , top mass from tt+jet, leptonic observable, tttt_SL/tttt_OSDL ",,,n/a
/ST_tW_antitop_5f_NoFullyHadronicDecays_TuneCP5_erdON_13TeV-powheg-pythia8,TOP,n/a,#N/A,4,#N/A,#N/A,#N/A,#N/A,#N/A,1.0,1.0,1.0,1.0,0,2.8,#N/A,0.0,4.0,#N/A,0.0,1.3,#N/A,,1.2,#N/A," TOP PAG systematic samples - Essential for tt multi differential (ll channel), direct top mass, tt spin correlation, tW (incl+diff) , top mass from tt+jet, leptonic observable, tttt_SL/tttt_OSDL ",,,n/a
/ST_tW_antitop_5f_NoFullyHadronicDecays_TuneCP5down_13TeV-powheg-pythia8,TOP,n/a,#N/A,4,#N/A,#N/A,#N/A,#N/A,#N/A,1.0,1.0,1.0,1.0,0,2.8,#N/A,0.0,4.0,#N/A,0.0,1.3,#N/A,,1.2,#N/A," TOP PAG systematic samples - Essential for tt multi differential (ll channel), direct top mass, tt spin correlation, tW (incl+diff) , top mass from tt+jet, leptonic observable, tttt_SL/tttt_OSDL ",,,n/a
/ST_tW_antitop_5f_NoFullyHadronicDecays_TuneCP5up_13TeV-powheg-pythia8,TOP,n/a,#N/A,4,#N/A,#N/A,#N/A,#N/A,#N/A,1.0,1.0,1.0,1.0,0,2.8,#N/A,0.0,4.0,#N/A,0.0,1.3,#N/A,,1.2,#N/A," TOP PAG systematic samples - Essential for tt multi differential (ll channel), direct top mass, tt spin correlation, tW (incl+diff) , top mass from tt+jet, leptonic observable, tttt_SL/tttt_OSDL ",,,n/a
/ST_tW_antitop_5f_NoFullyHadronicDecays_mtop1695_TuneCP5_13TeV-powheg-pythia8,TOP,n/a,#N/A,4,#N/A,#N/A,#N/A,#N/A,#N/A,1.0,1.0,1.0,1.0,0,2.8,#N/A,0.0,4.0,#N/A,0.0,1.3,#N/A,,1.2,#N/A," TOP PAG systematic samples - Essential for tt multi differential (ll channel), direct top mass, tt spin correlation, tW (incl+diff) , top mass from tt+jet, leptonic observable",,,n/a
/ST_tW_antitop_5f_NoFullyHadronicDecays_mtop1715_TuneCP5_13TeV-powheg-pythia8,TOP,n/a,#N/A,4,#N/A,#N/A,#N/A,#N/A,#N/A,1.0,1.0,1.0,1.0,0,2.8,#N/A,0.0,4.0,#N/A,0.0,1.3,#N/A,,1.2,#N/A," TOP PAG systematic samples - Essential for tt multi differential (ll channel), direct top mass, tt spin correlation, tW (incl+diff) , top mass from tt+jet, leptonic observable",,,n/a
/ST_tW_antitop_5f_NoFullyHadronicDecays_mtop1735_TuneCP5_13TeV-powheg-pythia8,TOP,n/a,#N/A,4,#N/A,#N/A,#N/A,#N/A,#N/A,1.0,1.0,1.0,1.0,0,2.8,#N/A,0.0,4.0,#N/A,0.0,1.3,#N/A,,1.2,#N/A," TOP PAG systematic samples - Essential for tt multi differential (ll channel), direct top mass, tt spin correlation, tW (incl+diff) , top mass from tt+jet, leptonic observable",,,n/a
/ST_tW_antitop_5f_NoFullyHadronicDecays_mtop1755_TuneCP5_13TeV-powheg-pythia8,TOP,n/a,#N/A,4,#N/A,#N/A,#N/A,#N/A,#N/A,1.0,1.0,1.0,1.0,0,2.8,#N/A,0.0,4.0,#N/A,0.0,1.3,#N/A,,1.2,#N/A," TOP PAG systematic samples - Essential for tt multi differential (ll channel), direct top mass, tt spin correlation, tW (incl+diff) , top mass from tt+jet, leptonic observable",,,n/a
/ST_tW_antitop_5f_hdampdown_NoFullyHadronicDecays_TuneCP5_13TeV-powheg-pythia8,TOP,n/a,#N/A,4,#N/A,#N/A,#N/A,#N/A,#N/A,1.0,1.0,1.0,1.0,0,2.8,#N/A,0.0,4.0,#N/A,0.0,1.3,#N/A,,1.2,#N/A," TOP PAG systematic samples - Essential for tt multi differential (ll channel), direct top mass, tt spin correlation, tW (incl+diff) , top mass from tt+jet, leptonic observable, tttt_SL/tttt_OSDL ",,,n/a
/ST_tW_antitop_5f_hdampup_NoFullyHadronicDecays_TuneCP5_13TeV-powheg-pythia8,TOP,n/a,#N/A,4,#N/A,#N/A,#N/A,#N/A,#N/A,1.0,1.0,1.0,1.0,0,2.8,#N/A,0.0,4.0,#N/A,0.0,1.3,#N/A,,1.2,#N/A," TOP PAG systematic samples - Essential for tt multi differential (ll channel), direct top mass, tt spin correlation, tW (incl+diff) , top mass from tt+jet, leptonic observable, tttt_SL/tttt_OSDL ",,,n/a
ST_tW_antitop_5f_NoFullyHadronicDecays_TuneCH3_13TeV-powheg-herwig7,TOP,n/a,#N/A,4,#N/A,#N/A,#N/A,#N/A,#N/A,1.0,1.0,1.0,1.0,0,2.8,#N/A,0.0,4.0,#N/A,0.0,1.3,#N/A,,1.2,#N/A," TOP PAG systematic samples - Essential for tt multi differential (ll channel), direct top mass, tt spin correlation, tW (incl+diff) , top mass from tt+jet, leptonic observable, tttt_SL/tttt_OSDL ",,,n/a
/ST_tW_top_5f_DS_NoFullyHadronicDecays_TuneCP5_13TeV-powheg-pythia8,TOP,n/a,#N/A,4,#N/A,#N/A,#N/A,#N/A,#N/A,1.0,1.0,1.0,1.0,0,2.8,#N/A,0.0,4.0,#N/A,0.0,1.3,#N/A,,1.2,#N/A," TOP PAG systematic samples - Essential for tt multi differential (ll channel), direct top mass, tt spin correlation, tW (incl+diff) , top mass from tt+jet, leptonic observable, tttt_SL/tttt_OSDL ",,,n/a
/ST_tW_top_5f_NoFullyHadronicDecays_TuneCP5CR1_13TeV-powheg-pythia8,TOP,n/a,#N/A,4,#N/A,#N/A,#N/A,#N/A,#N/A,1.0,1.0,1.0,1.0,0,2.8,#N/A,0.0,4.0,#N/A,0.0,1.3,#N/A,,1.2,#N/A," TOP PAG systematic samples - Essential for tt multi differential (ll channel), direct top mass, tt spin correlation, tW (incl+diff) , top mass from tt+jet, leptonic observable, tttt_SL/tttt_OSDL ",,,n/a
/ST_tW_top_5f_NoFullyHadronicDecays_TuneCP5CR2_13TeV-powheg-pythia8,TOP,n/a,#N/A,4,#N/A,#N/A,#N/A,#N/A,#N/A,1.0,1.0,1.0,1.0,0,2.8,#N/A,0.0,4.0,#N/A,0.0,1.3,#N/A,,1.2,#N/A," TOP PAG systematic samples - Essential for tt multi differential (ll channel), direct top mass, tt spin correlation, tW (incl+diff) , top mass from tt+jet, leptonic observable, tttt_SL/tttt_OSDL ",,,n/a
/ST_tW_top_5f_NoFullyHadronicDecays_TuneCP5_erdON_13TeV-powheg-pythia8,TOP,n/a,#N/A,4,#N/A,#N/A,#N/A,#N/A,#N/A,1.0,1.0,1.0,1.0,0,2.8,#N/A,0.0,4.0,#N/A,0.0,1.3,#N/A,,1.2,#N/A," TOP PAG systematic samples - Essential for tt multi differential (ll channel), direct top mass, tt spin correlation, tW (incl+diff) , top mass from tt+jet, leptonic observable, tttt_SL/tttt_OSDL ",,,n/a
/ST_tW_top_5f_NoFullyHadronicDecays_TuneCP5down_13TeV-powheg-pythia8,TOP,n/a,#N/A,4,#N/A,#N/A,#N/A,#N/A,#N/A,1.0,1.0,1.0,1.0,0,2.8,#N/A,0.0,4.0,#N/A,0.0,1.3,#N/A,,1.2,#N/A," TOP PAG systematic samples - Essential for tt multi differential (ll channel), direct top mass, tt spin correlation, tW (incl+diff) , top mass from tt+jet, leptonic observable, tttt_SL/tttt_OSDL ",,,n/a
/ST_tW_top_5f_NoFullyHadronicDecays_TuneCP5up_13TeV-powheg-pythia8,TOP,n/a,#N/A,4,#N/A,#N/A,#N/A,#N/A,#N/A,1.0,1.0,1.0,1.0,0,2.8,#N/A,0.0,4.0,#N/A,0.0,1.3,#N/A,,1.2,#N/A," TOP PAG systematic samples - Essential for tt multi differential (ll channel), direct top mass, tt spin correlation, tW (incl+diff) , top mass from tt+jet, leptonic observable, tttt_SL/tttt_OSDL ",,,n/a
/ST_tW_top_5f_NoFullyHadronicDecays_mtop1695_TuneCP5_13TeV-powheg-pythia8,TOP,n/a,#N/A,4,#N/A,#N/A,#N/A,#N/A,#N/A,1.0,1.0,1.0,1.0,0,2.8,#N/A,0.0,4.0,#N/A,0.0,1.3,#N/A,,1.2,#N/A," TOP PAG systematic samples - Essential for tt multi differential (ll channel), direct top mass, tt spin correlation, tW (incl+diff) , top mass from tt+jet, leptonic observable",,,n/a
/ST_tW_top_5f_NoFullyHadronicDecays_mtop1715_TuneCP5_13TeV-powheg-pythia8,TOP,n/a,#N/A,4,#N/A,#N/A,#N/A,#N/A,#N/A,1.0,1.0,1.0,1.0,0,2.8,#N/A,0.0,4.0,#N/A,0.0,1.3,#N/A,,1.2,#N/A," TOP PAG systematic samples - Essential for tt multi differential (ll channel), direct top mass, tt spin correlation, tW (incl+diff) , top mass from tt+jet, leptonic observable",,,n/a
/ST_tW_top_5f_NoFullyHadronicDecays_mtop1735_TuneCP5_13TeV-powheg-pythia8,TOP,n/a,#N/A,4,#N/A,#N/A,#N/A,#N/A,#N/A,1.0,1.0,1.0,1.0,0,2.8,#N/A,0.0,4.0,#N/A,0.0,1.3,#N/A,,1.2,#N/A," TOP PAG systematic samples - Essential for tt multi differential (ll channel), direct top mass, tt spin correlation, tW (incl+diff) , top mass from tt+jet, leptonic observable",,,n/a
/ST_tW_top_5f_NoFullyHadronicDecays_mtop1755_TuneCP5_13TeV-powheg-pythia8,TOP,n/a,#N/A,4,#N/A,#N/A,#N/A,#N/A,#N/A,1.0,1.0,1.0,1.0,0,2.8,#N/A,0.0,4.0,#N/A,0.0,1.3,#N/A,,1.2,#N/A," TOP PAG systematic samples - Essential for tt multi differential (ll channel), direct top mass, tt spin correlation, tW (incl+diff) , top mass from tt+jet, leptonic observable",,,n/a
/ST_tW_top_5f_hdampdown_NoFullyHadronicDecays_TuneCP5_13TeV-powheg-pythia8,TOP,n/a,#N/A,4,#N/A,#N/A,#N/A,#N/A,#N/A,1.0,1.0,1.0,1.0,0,2.8,#N/A,0.0,4.0,#N/A,0.0,1.3,#N/A,,1.2,#N/A," TOP PAG systematic samples - Essential for tt multi differential (ll channel), direct top mass, tt spin correlation, tW (incl+diff) , top mass from tt+jet, leptonic observable, tttt_SL/tttt_OSDL ",,,n/a
/ST_tW_top_5f_hdampup_NoFullyHadronicDecays_TuneCP5_13TeV-powheg-pythia8,TOP,n/a,#N/A,4,#N/A,#N/A,#N/A,#N/A,#N/A,1.0,1.0,1.0,1.0,0,2.8,#N/A,0.0,4.0,#N/A,0.0,1.3,#N/A,,1.2,#N/A," TOP PAG systematic samples - Essential for tt multi differential (ll channel), direct top mass, tt spin correlation, tW (incl+diff) , top mass from tt+jet, leptonic observable, tttt_SL/tttt_OSDL ",,,n/a
ST_tW_top_5f_NoFullyHadronicDecays_TuneCH3_13TeV-powheg-herwig7,TOP,n/a,#N/A,4,#N/A,#N/A,#N/A,#N/A,#N/A,1.0,1.0,1.0,1.0,0,2.8,#N/A,0.0,4.0,#N/A,0.0,1.3,#N/A,,1.2,#N/A," TOP PAG systematic samples  - Essential for tW (incl+diff), tt multi differential (ll channel), direct top mass, tt spin correlation , top mass from tt+jet, leptonic observable",,,n/a
ST_tW_5f_NoFullyHadronicDecays_TuneCP5_13TeV-amcatnlo-pythia8,TOP,n/a,#N/A,5,#N/A,#N/A,#N/A,#N/A,#N/A,1.0,1.0,1.0,1.0,0,3.6,#N/A,0.0,5.0,#N/A,0.0,1.6,#N/A,,1.4,#N/A," TOP PAG systematic samples  - Essential for tW (incl+diff), tt multi differential (ll channel), direct top mass, tt spin correlation , top mass from tt+jet, leptonic observable",,,n/a
/ST_s-channel_4f_leptonDecays_TuneCP5CR1_13TeV-amcatnlo-pythia8,TOP,n/a,#N/A,8,#N/A,#N/A,#N/A,#N/A,#N/A,1.0,1.0,1.0,1.0,0,5.7,#N/A,0.0,8.0,#N/A,0.0,2.6,#N/A,,2.3,#N/A, TOP PAG systematic samples - Needed single top s channel,,,n/a
/ST_s-channel_4f_leptonDecays_TuneCP5CR2_13TeV-amcatnlo-pythia8,TOP,n/a,#N/A,8,#N/A,#N/A,#N/A,#N/A,#N/A,1.0,1.0,1.0,1.0,0,5.7,#N/A,0.0,8.0,#N/A,0.0,2.6,#N/A,,2.3,#N/A, TOP PAG systematic samples - Needed single top s channel,,,n/a
/ST_s-channel_4f_leptonDecays_TuneCP5_erdON_13TeV-amcatnlo-pythia8,TOP,n/a,#N/A,8,#N/A,#N/A,#N/A,#N/A,#N/A,1.0,1.0,1.0,1.0,0,5.7,#N/A,0.0,8.0,#N/A,0.0,2.6,#N/A,,2.3,#N/A, TOP PAG systematic samples - Needed single top s channel,,,n/a
/ST_s-channel_4f_leptonDecays_TuneCP5down_13TeV-amcatnlo-pythia8,TOP,n/a,#N/A,8,#N/A,#N/A,#N/A,#N/A,#N/A,1.0,1.0,1.0,1.0,0,5.7,#N/A,0.0,8.0,#N/A,0.0,2.6,#N/A,,2.3,#N/A, TOP PAG systematic samples - Needed single top s channel,,,n/a
/ST_s-channel_4f_leptonDecays_TuneCP5up_13TeV-amcatnlo-pythia8,TOP,n/a,#N/A,8,#N/A,#N/A,#N/A,#N/A,#N/A,1.0,1.0,1.0,1.0,0,5.7,#N/A,0.0,8.0,#N/A,0.0,2.6,#N/A,,2.3,#N/A, TOP PAG systematic samples - Needed single top s channel,,,n/a
/tZq_ll_4f_ckm_NLO_TuneCP5CR1_13TeV-amcatnlo-pythia8,TOP,n/a,#N/A,5.6,#N/A,#N/A,#N/A,#N/A,#N/A,1.0,1.0,1.0,1.0,0,4.0,#N/A,0.0,5.6,#N/A,0.0,1.8,#N/A,,1.6,#N/A," TOP PAG systematic samples - tZq differential, 3/4L ttZ, tWZ, EFT of top-Z (not mentioned in the other page)",,,n/a
/tZq_ll_4f_ckm_NLO_TuneCP5CR2_13TeV-amcatnlo-pythia8,TOP,n/a,#N/A,5.6,#N/A,#N/A,#N/A,#N/A,#N/A,1.0,1.0,1.0,1.0,0,4.0,#N/A,0.0,5.6,#N/A,0.0,1.8,#N/A,,1.6,#N/A," TOP PAG systematic samples - tZq differential, 3/4L ttZ, tWZ, EFT of top-Z (not mentioned in the other page)",,,n/a
/tZq_ll_4f_ckm_NLO_TuneCP5_erdON_13TeV-amcatnlo-pythia8,TOP,n/a,#N/A,5.6,#N/A,#N/A,#N/A,#N/A,#N/A,1.0,1.0,1.0,1.0,0,4.0,#N/A,0.0,5.6,#N/A,0.0,1.8,#N/A,,1.6,#N/A," TOP PAG systematic samples - tZq differential, 3/4L ttZ, tWZ, EFT of top-Z (not mentioned in the other page)",,,n/a
/tZq_ll_4f_ckm_NLO_TuneCP5down_13TeV-amcatnlo-pythia8,TOP,n/a,#N/A,5.6,#N/A,#N/A,#N/A,#N/A,#N/A,1.0,1.0,1.0,1.0,0,4.0,#N/A,0.0,5.6,#N/A,0.0,1.8,#N/A,,1.6,#N/A," TOP PAG systematic samples - tZq differential, 3/4L ttZ, tWZ, EFT of top-Z (not mentioned in the other page)",,,n/a
/tZq_ll_4f_ckm_NLO_TuneCP5up_13TeV-amcatnlo-pythia8,TOP,n/a,#N/A,5.6,#N/A,#N/A,#N/A,#N/A,#N/A,1.0,1.0,1.0,1.0,0,4.0,#N/A,0.0,5.6,#N/A,0.0,1.8,#N/A,,1.6,#N/A," TOP PAG systematic samples - tZq differential, 3/4L ttZ, tWZ, EFT of top-Z (not mentioned in the other page)",,,n/a
